Date,Game,Winning_Numbers,Machine_Numbers,Draw_ID
"February 20, 2026 - Friday",Friday Noon Rush,71-17-56-81-49,N/A,#125
"February 20, 2026 - Friday",VAG Friday,72-57-88-13-61,N/A,#230
"February 19, 2026 - Thursday",5/39 Direct Thursday,32-20-7-35-9,N/A,#234
"February 19, 2026 - Thursday",Thursday Noon Rush,21-15-52-49-23,N/A,#126
"February 19, 2026 - Thursday",VAG Thursday,9-88-62-15-45,N/A,#234
"February 18, 2026 - Wednesday",MID WEEK,1-80-75-79-13,N/A,#1157
"February 18, 2026 - Wednesday",5/39 Direct Wednesday,32-22-31-10-18,N/A,#235
"February 18, 2026 - Wednesday",Wednesday Noon Rush,58-1-57-44-28,N/A,#127
"February 18, 2026 - Wednesday",VAG Wednesday,19-15-24-44-37,N/A,#235
"February 17, 2026 - Tuesday",LUCKY TUESDAY,61-64-48-59-79,N/A,#960
"February 17, 2026 - Tuesday",5/39 Direct Tuesday,15-3-28-9-21,N/A,#233
"February 17, 2026 - Tuesday",Tuesday Noon Rush,87-54-21-38-7,N/A,#128
"February 17, 2026 - Tuesday",VAG Tuesday,53-80-63-21-81,N/A,#821
"February 16, 2026 - Monday",MONDAY SPECIAL,34-5-22-69-72,N/A,#1020
"February 16, 2026 - Monday",5/39 Direct Monday,34-36-3-17-6,N/A,#496
"February 16, 2026 - Monday",Monday Noon Rush,85-11-56-83-18,N/A,#126
"February 16, 2026 - Monday",VAG Monday,54-47-86-34-5,N/A,#226
"February 15, 2026 - Sunday",SUNDAY ASEDA,70-40-55-10-51,N/A,#186
"February 14, 2026 - Saturday",NATIONAL,13-16-15-11-71,N/A,#3304
"February 14, 2026 - Saturday",5/39 Direct Saturday,7-11-32-12-9,N/A,#233
"February 14, 2026 - Saturday",Saturday Noon Rush,76-70-72-19-5,N/A,#127
"February 14, 2026 - Saturday",VAG Saturday,14-7-43-16-73,N/A,#233
"February 13, 2026 - Friday",FRIDAY BONANZA,77-55-60-85-1,N/A,#928
"February 13, 2026 - Friday",5/39 Direct Friday,31-5-18-11-28,N/A,#229
"February 13, 2026 - Friday",Friday Noon Rush,8-23-52-15-84,N/A,#124
"February 13, 2026 - Friday",VAG Friday,40-68-70-20-24,N/A,#229
"February 12, 2026 - Thursday",5/39 Direct Thursday,29-16-7-17-38,N/A,#233
"February 12, 2026 - Thursday",Thursday Noon Rush,57-27-61-5-52,N/A,#125
"February 12, 2026 - Thursday",VAG Thursday,61-30-23-4-14,N/A,#233
"February 11, 2026 - Wednesday",MID WEEK,68-79-82-7-73,N/A,#1156
"February 11, 2026 - Wednesday",5/39 Direct Wednesday,34-35-11-4-25,N/A,#234
"February 11, 2026 - Wednesday",Wednesday Noon Rush,27-52-28-24-15,N/A,#126
"February 11, 2026 - Wednesday",VAG Wednesday,36-72-63-44-14,N/A,#234
"February 10, 2026 - Tuesday",LUCKY TUESDAY,74-57-3-75-60,N/A,#959
"February 10, 2026 - Tuesday",5/39 Direct Tuesday,18-21-10-32-4,N/A,#232
"February 10, 2026 - Tuesday",Tuesday Noon Rush,79-18-42-58-30,N/A,#127
"February 10, 2026 - Tuesday",VAG Tuesday,3-47-35-56-65,N/A,#820
"February 9, 2026 - Monday",MONDAY SPECIAL,74-62-20-7-71,N/A,#1019
"February 9, 2026 - Monday",5/39 Direct Monday,18-16-6-29-2,N/A,#495
"February 9, 2026 - Monday",Monday Noon Rush,48-9-35-38-77,N/A,#125
"February 9, 2026 - Monday",VAG Monday,88-53-7-8-36,N/A,#225
"February 8, 2026 - Sunday",SUNDAY ASEDA,69-77-21-40-31,N/A,#185
"February 7, 2026 - Saturday",NATIONAL,47-55-31-25-48,N/A,#3303
"February 7, 2026 - Saturday",5/39 Direct Saturday,7-9-17-2-3,N/A,#232
"February 7, 2026 - Saturday",Saturday Noon Rush,17-36-6-42-79,N/A,#126
"February 7, 2026 - Saturday",VAG Saturday,26-13-48-11-16,N/A,#232
"February 6, 2026 - Friday",FRIDAY BONANZA,87-22-7-16-41,N/A,#927
"February 6, 2026 - Friday",5/39 Direct Friday,17-7-20-25-31,N/A,#228
"February 6, 2026 - Friday",VAG Friday,87-5-20-90-70,N/A,#228
"February 5, 2026 - Thursday",5/39 Direct Thursday,21-20-7-2-11,N/A,#232
"February 5, 2026 - Thursday",Thursday Noon Rush,27-20-61-77-45,N/A,#124
"February 5, 2026 - Thursday",VAG Thursday,8-31-63-58-90,N/A,#232
"February 4, 2026 - Wednesday",MID WEEK,68-51-59-86-13,N/A,#1155
"February 4, 2026 - Wednesday",5/39 Direct Wednesday,26-37-5-31-2,N/A,#233
"February 4, 2026 - Wednesday",Wednesday Noon Rush,23-44-90-76-64,N/A,#125
"February 4, 2026 - Wednesday",VAG Wednesday,58-79-2-83-64,N/A,#233
"February 3, 2026 - Tuesday",LUCKY TUESDAY,23-75-63-43-37,N/A,#958
"February 3, 2026 - Tuesday",5/39 Direct Tuesday,1-6-4-14-2,N/A,#231
"February 3, 2026 - Tuesday",Tuesday Noon Rush,71-1-20-32-12,N/A,#126
"February 3, 2026 - Tuesday",VAG Tuesday,16-78-18-31-4,N/A,#819
"February 2, 2026 - Monday",MONDAY SPECIAL,43-51-25-4-35,N/A,#1018
"February 2, 2026 - Monday",5/39 Direct Monday,9-17-10-28-22,N/A,#494
"February 2, 2026 - Monday",Monday Noon Rush,65-55-19-31-49,N/A,#124
"February 2, 2026 - Monday",VAG Monday,79-20-73-15-62,N/A,#224
"February 1, 2026 - Sunday",SUNDAY ASEDA,87-56-78-40-1,N/A,#184
"January 31, 2026 - Saturday",NATIONAL,6-39-71-48-70,N/A,#3302
"January 31, 2026 - Saturday",5/39 Direct Saturday,22-27-8-28-20,N/A,#231
"January 31, 2026 - Saturday",Saturday Noon Rush,85-63-38-70-66,N/A,#125
"January 31, 2026 - Saturday",VAG Saturday,17-54-81-72-59,N/A,#231
"January 30, 2026 - Friday",FRIDAY BONANZA,9-40-34-26-7,N/A,#926
"January 30, 2026 - Friday",5/39 Direct Friday,1-17-2-6-7,N/A,#227
"January 30, 2026 - Friday",Friday Noon Rush,48-70-39-68-77,N/A,#122
"January 30, 2026 - Friday",VAG Friday,16-17-77-76-29,N/A,#227
"January 29, 2026 - Thursday",5/39 Direct Thursday,35-31-12-13-39,N/A,#231
"January 29, 2026 - Thursday",Thursday Noon Rush,77-90-16-21-26,N/A,#123
"January 29, 2026 - Thursday",VAG Thursday,39-73-83-35-38,N/A,#231
"January 28, 2026 - Wednesday",MID WEEK,20-40-36-48-56,N/A,#1154
"January 28, 2026 - Wednesday",5/39 Direct Wednesday,6-33-11-31-30,N/A,#232
"January 28, 2026 - Wednesday",Wednesday Noon Rush,3-56-46-6-19,N/A,#124
"January 28, 2026 - Wednesday",VAG Wednesday,6-60-64-38-82,N/A,#232
"January 27, 2026 - Tuesday",LUCKY TUESDAY,14-87-13-64-33,N/A,#957
"January 27, 2026 - Tuesday",5/39 Direct Tuesday,10-33-14-2-12,N/A,#230
"January 27, 2026 - Tuesday",Tuesday Noon Rush,59-84-52-61-28,N/A,#125
"January 27, 2026 - Tuesday",VAG Tuesday,11-86-74-16-6,N/A,#818
"January 26, 2026 - Monday",MONDAY SPECIAL,46-66-7-2-73,N/A,#1017
"January 26, 2026 - Monday",5/39 Direct Monday,30-26-7-14-16,N/A,#493
"January 26, 2026 - Monday",Monday Noon Rush,67-17-11-4-35,N/A,#123
"January 26, 2026 - Monday",VAG Monday,31-41-80-11-18,N/A,#223
"January 25, 2026 - Sunday",SUNDAY ASEDA,76-18-5-70-33,N/A,#183
"January 24, 2026 - Saturday",NATIONAL,44-78-52-57-7,,#3301
"January 24, 2026 - Saturday",5/39 Direct Saturday,14-24-15-19-6,,#230
"January 24, 2026 - Saturday",Saturday Noon Rush,44-62-36-85-57,,#124
"January 24, 2026 - Saturday",VAG Saturday,23-14-46-21-70,,#230
"January 23, 2026 - Friday",FRIDAY BONANZA,8-4-54-48-1,,#925
"January 23, 2026 - Friday",5/39 Direct Friday,2-17-24-4-7,,#226
"January 23, 2026 - Friday",Friday Noon Rush,58-90-47-69-81,,#121
"January 23, 2026 - Friday",VAG Friday,48-11-80-19-70,,#226
"January 22, 2026 - Thursday",5/39 Direct Thursday,26-22-33-6-18,,#230
"January 22, 2026 - Thursday",Thursday Noon Rush,6-90-34-61-26,,#122
"January 22, 2026 - Thursday",VAG Thursday,70-52-78-82-30,,#230
"January 21, 2026 - Wednesday",MID WEEK,43-59-71-2-9,,#1153
"January 21, 2026 - Wednesday",5/39 Direct Wednesday,10-21-30-9-26,,#231
"January 21, 2026 - Wednesday",Wednesday Noon Rush,59-2-31-50-32,,#123
"January 21, 2026 - Wednesday",VAG Wednesday,78-43-49-62-6,,#231
"January 20, 2026 - Tuesday",LUCKY TUESDAY,21-17-11-76-86,,#956
"January 20, 2026 - Tuesday",5/39 Direct Tuesday,37-35-7-9-4,,#229
"January 20, 2026 - Tuesday",Tuesday Noon Rush,47-7-20-62-90,,#124
"January 20, 2026 - Tuesday",VAG Tuesday,89-86-83-54-61,,#817
"January 19, 2026 - Monday",MONDAY SPECIAL,86-74-57-60-8,,#1016
"January 19, 2026 - Monday",5/39 Direct Monday,20-39-7-3-11,,#492
"January 19, 2026 - Monday",Monday Noon Rush,51-32-24-70-56,,#122
"January 19, 2026 - Monday",VAG Monday,1-4-77-49-11,,#222
"January 18, 2026 - Sunday",SUNDAY ASEDA,33-10-39-53-34,,#182
"January 17, 2026 - Saturday",NATIONAL,42-81-27-37-23,,#3300
"January 17, 2026 - Saturday",5/39 Direct Saturday,29-6-5-21-34,,#229
"January 17, 2026 - Saturday",Saturday Noon Rush,12-75-5-78-31,,#123
"January 17, 2026 - Saturday",VAG Saturday,52-72-18-37-20,,#229
"January 16, 2026 - Friday",FRIDAY BONANZA,15-49-7-70-66,,#924
"January 16, 2026 - Friday",5/39 Direct Friday,3-6-15-23-11,,#225
"January 16, 2026 - Friday",Friday Noon Rush,12-77-56-74-80,,#120
"January 16, 2026 - Friday",VAG Friday,11-72-67-1-57,,#225
"January 15, 2026 - Thursday",5/39 Direct Thursday,12-20-15-38-11,,#229
"January 15, 2026 - Thursday",Thursday Noon Rush,37-60-17-52-79,,#121
"January 15, 2026 - Thursday",VAG Thursday,76-81-35-58-64,,#229
"January 14, 2026 - Wednesday",MID WEEK,76-10-51-45-63,,#1152
"January 14, 2026 - Wednesday",5/39 Direct Wednesday,30-11-34-8-9,,#230
"January 14, 2026 - Wednesday",Wednesday Noon Rush,66-70-75-63-3,,#122
"January 14, 2026 - Wednesday",VAG Wednesday,54-22-39-41-2,,#230
"January 13, 2026 - Tuesday",LUCKY TUESDAY,31-3-70-43-58,,#955
"January 13, 2026 - Tuesday",5/39 Direct Tuesday,3-2-4-10-27,,#228
"January 13, 2026 - Tuesday",Tuesday Noon Rush,5-52-44-2-8,,#123
"January 13, 2026 - Tuesday",VAG Tuesday,55-14-16-75-60,,#816
"January 12, 2026 - Monday",MONDAY SPECIAL,12-26-40-47-44,,#1015
"January 12, 2026 - Monday",5/39 Direct Monday,16-9-6-34-38,,#491
"January 12, 2026 - Monday",Monday Noon Rush,30-24-43-1-40,,#121
"January 12, 2026 - Monday",VAG Monday,84-87-32-50-89,,#221
"January 11, 2026 - Sunday",SUNDAY ASEDA,59-66-22-1-82,,#181
"January 10, 2026 - Saturday",NATIONAL,74-44-58-16-42,,#3299
"January 10, 2026 - Saturday",5/39 Direct Saturday,7-10-13-9-28,,#228
"January 10, 2026 - Saturday",Saturday Noon Rush,16-25-36-49-69,,#122
"January 10, 2026 - Saturday",VAG Saturday,45-2-85-47-17,,#228
"January 8, 2026 - Thursday",5/39 Direct Thursday,21-23-3-4-7,,#228
"January 8, 2026 - Thursday",Thursday Noon Rush,15-27-28-84-17,,#120
"January 8, 2026 - Thursday",VAG Thursday,46-82-69-56-22,,#228
"January 7, 2026 - Wednesday",MID WEEK,18-37-60-49-46,,#1151
"January 7, 2026 - Wednesday",5/39 Direct Wednesday,34-8-28-4-23,,#229
"January 7, 2026 - Wednesday",Wednesday Noon Rush,13-30-74-46-41,,#121
"January 7, 2026 - Wednesday",VAG Wednesday,34-42-82-55-36,,#229
"January 6, 2026 - Tuesday",LUCKY TUESDAY,85-7-5-81-56,,#954
"January 6, 2026 - Tuesday",5/39 Direct Tuesday,39-19-29-36-14,,#227
"January 6, 2026 - Tuesday",Tuesday Noon Rush,75-13-42-68-62,,#122
"January 6, 2026 - Tuesday",VAG Tuesday,37-84-22-83-38,,#815
"January 5, 2026 - Monday",MONDAY SPECIAL,25-20-40-79-43,,#1014
"January 5, 2026 - Monday",5/39 Direct Monday,11-25-14-13-1,,#490
"January 5, 2026 - Monday",Monday Noon Rush,5-43-33-83-76,,#120
"January 5, 2026 - Monday",VAG Monday,87-73-13-54-85,,#220
"January 4, 2026 - Sunday",SUNDAY ASEDA,48-88-21-50-45,,#180
"January 3, 2026 - Saturday",NATIONAL,10-38-37-25-27,,#3298
"January 3, 2026 - Saturday",5/39 Direct Saturday,1-16-15-10-18,,#227
"January 3, 2026 - Saturday",Saturday Noon Rush,85-33-49-76-20,,#121
"January 3, 2026 - Saturday",VAG Saturday,57-74-41-6-60,,#227
"January 2, 2026 - Friday",FRIDAY BONANZA,46-48-44-1-73,,#923
"January 2, 2026 - Friday",5/39 Direct Friday,30-13-39-14-22,,#224
"January 2, 2026 - Friday",Friday Noon Rush,90-15-77-64-86,,#119
"January 2, 2026 - Friday",VAG Friday,58-2-41-38-66,,#224
"December 31, 2025 - Wednesday",MID WEEK,1-88-66-22-20,,#1150
"December 31, 2025 - Wednesday",5/39 Direct Wednesday,5-29-27-18-13,,#228
"December 31, 2025 - Wednesday",Wednesday Noon Rush,44-71-76-38-80,,#120
"December 31, 2025 - Wednesday",VAG Wednesday,77-87-89-82-20,,#228
"December 30, 2025 - Tuesday",LUCKY TUESDAY,81-40-8-23-42,,#953
"December 30, 2025 - Tuesday",5/39 Direct Tuesday,25-19-21-37-32,,#226
"December 30, 2025 - Tuesday",Tuesday Noon Rush,27-23-2-62-86,,#121
"December 30, 2025 - Tuesday",VAG Tuesday,23-2-26-85-37,,#814
"December 29, 2025 - Monday",MONDAY SPECIAL,1-6-69-82-55,,#1013
"December 29, 2025 - Monday",5/39 Direct Monday,31-19-39-15-12,,#489
"December 29, 2025 - Monday",Monday Noon Rush,87-79-15-52-24,,#119
"December 29, 2025 - Monday",VAG Monday,53-50-77-66-11,,#219
"December 28, 2025 - Sunday",SUNDAY ASEDA,59-90-35-18-66,,#179
"December 27, 2025 - Saturday",NATIONAL,12-3-65-4-29,,#3297
"December 27, 2025 - Saturday",5/39 Direct Saturday,33-28-25-30-20,,#226
"December 27, 2025 - Saturday",Saturday Noon Rush,21-67-2-78-37,,#120
"December 27, 2025 - Saturday",VAG Saturday,12-10-41-70-78,,#226
"December 24, 2025 - Wednesday",MID WEEK,38-24-70-49-73,,#1149
"December 24, 2025 - Wednesday",5/39 Direct Wednesday,30-35-18-27-36,,#227
"December 24, 2025 - Wednesday",Wednesday Noon Rush,18-63-90-8-35,,#119
"December 24, 2025 - Wednesday",VAG Wednesday,8-67-11-79-43,,#227
"December 23, 2025 - Tuesday",LUCKY TUESDAY,30-54-72-19-71,,#952
"December 23, 2025 - Tuesday",5/39 Direct Tuesday,38-30-5-6-37,,#225
"December 23, 2025 - Tuesday",Tuesday Noon Rush,44-43-86-71-31,,#120
"December 23, 2025 - Tuesday",VAG Tuesday,40-65-54-9-24,,#813
"December 22, 2025 - Monday",MONDAY SPECIAL,23-33-7-77-8,,#1012
"December 22, 2025 - Monday",5/39 Direct Monday,24-9-32-17-21,,#488
"December 22, 2025 - Monday",Monday Noon Rush,33-32-70-55-13,,#118
"December 22, 2025 - Monday",VAG Monday,42-19-75-52-44,,#218
"December 21, 2025 - Sunday",SUNDAY ASEDA,36-34-22-88-38,,#178
"December 20, 2025 - Saturday",NATIONAL,57-61-80-72-83,,#3296
"December 20, 2025 - Saturday",5/39 Direct Saturday,36-2-5-27-29,,#225
"December 20, 2025 - Saturday",Saturday Noon Rush,76-19-59-6-86,,#119
"December 20, 2025 - Saturday",VAG Saturday,20-33-37-84-6,,#225
"December 19, 2025 - Friday",FRIDAY BONANZA,57-26-63-25-20,,#922
"December 19, 2025 - Friday",5/39 Direct Friday,23-16-11-39-24,,#223
"December 19, 2025 - Friday",Friday Noon Rush,65-19-22-23-47,,#118
"December 19, 2025 - Friday",VAG Friday,69-37-56-68-53,,#223
"December 18, 2025 - Thursday",FORTUNE THURSDAY,1-2-75-39-16,,#952
"December 18, 2025 - Thursday",5/39 Direct Thursday,36-30-12-20-2,,#227
"December 18, 2025 - Thursday",Thursday Noon Rush,21-85-37-40-57,,#119
"December 18, 2025 - Thursday",VAG Thursday,26-10-83-17-78,,#227
"December 17, 2025 - Wednesday",MID WEEK,13-59-71-90-82,,#1148
"December 17, 2025 - Wednesday",5/39 Direct Wednesday,26-25-38-27-32,,#226
"December 17, 2025 - Wednesday",Wednesday Noon Rush,18-76-3-10-8,,#118
"December 17, 2025 - Wednesday",VAG Wednesday,55-23-61-39-89,,#226
"December 16, 2025 - Tuesday",LUCKY TUESDAY,56-55-2-14-10,,#951
"December 16, 2025 - Tuesday",5/39 Direct Tuesday,30-5-31-11-3,,#224
"December 16, 2025 - Tuesday",Tuesday Noon Rush,76-13-26-49-30,,#119
"December 16, 2025 - Tuesday",VAG Tuesday,49-86-61-30-89,,#812
"December 15, 2025 - Monday",MONDAY SPECIAL,30-22-61-51-17,,#1011
"December 15, 2025 - Monday",5/39 Direct Monday,13-37-34-2-4,,#487
"December 15, 2025 - Monday",Monday Noon Rush,47-23-66-63-7,,#117
"December 15, 2025 - Monday",VAG Monday,47-49-8-3-51,,#217
"December 14, 2025 - Sunday",SUNDAY ASEDA,81-63-5-55-20,,#177
"December 13, 2025 - Saturday",NATIONAL,7-64-65-83-19,,#3295
"December 13, 2025 - Saturday",5/39 Direct Saturday,36-8-15-20-13,,#224
"December 13, 2025 - Saturday",Saturday Noon Rush,5-81-22-75-58,,#118
"December 13, 2025 - Saturday",VAG Saturday,89-70-61-43-20,,#224
"December 12, 2025 - Friday",FRIDAY BONANZA,58-54-53-82-56,,#921
"December 12, 2025 - Friday",5/39 Direct Friday,38-10-7-12-28,,#222
"December 12, 2025 - Friday",Friday Noon Rush,41-8-24-20-45,,#117
"December 12, 2025 - Friday",VAG Friday,55-63-26-46-50,,#222
"December 11, 2025 - Thursday",FORTUNE THURSDAY,29-85-75-16-5,,#951
"December 11, 2025 - Thursday",5/39 Direct Thursday,15-10-14-3-31,,#226
"December 11, 2025 - Thursday",Thursday Noon Rush,88-1-60-7-87,,#118
"December 11, 2025 - Thursday",VAG Thursday,46-52-72-76-23,,#226
"December 10, 2025 - Wednesday",MID WEEK,6-80-86-82-45,,#1147
"December 10, 2025 - Wednesday",5/39 Direct Wednesday,27-37-34-13-16,,#225
"December 10, 2025 - Wednesday",Wednesday Noon Rush,62-51-85-49-35,,#117
"December 10, 2025 - Wednesday",VAG Wednesday,87-29-89-6-2,,#225
"December 9, 2025 - Tuesday",LUCKY TUESDAY,51-7-3-23-21,,#950
"December 9, 2025 - Tuesday",5/39 Direct Tuesday,37-7-36-5-4,,#223
"December 9, 2025 - Tuesday",Tuesday Noon Rush,59-27-24-31-13,,#118
"December 9, 2025 - Tuesday",VAG Tuesday,87-82-54-73-34,,#811
"December 8, 2025 - Monday",MONDAY SPECIAL,38-42-50-78-46,,#1010
"December 8, 2025 - Monday",5/39 Direct Monday,23-21-14-13-6,,#486
"December 8, 2025 - Monday",Monday Noon Rush,37-9-88-56-62,,#116
"December 8, 2025 - Monday",VAG Monday,3-54-89-15-72,,#216
"December 7, 2025 - Sunday",SUNDAY ASEDA,60-36-11-86-20,,#176
"December 6, 2025 - Saturday",NATIONAL,48-43-76-34-30,,#3294
"December 6, 2025 - Saturday",5/39 Direct Saturday,16-21-9-22-23,,#223
"December 6, 2025 - Saturday",Saturday Noon Rush,3-68-47-28-42,,#117
"December 6, 2025 - Saturday",VAG Saturday,38-3-33-42-4,,#223
"December 5, 2025 - Friday",FRIDAY BONANZA,10-57-9-40-50,,#920
"December 5, 2025 - Friday",5/39 Direct Friday,24-5-20-10-3,,#221
"December 5, 2025 - Friday",Friday Noon Rush,70-84-40-7-85,,#116
"December 5, 2025 - Friday",VAG Friday,19-89-11-7-15,,#221
"December 4, 2025 - Thursday",FORTUNE THURSDAY,55-48-13-66-3,,#950
"December 4, 2025 - Thursday",5/39 Direct Thursday,4-34-1-30-21,,#225
"December 4, 2025 - Thursday",Thursday Noon Rush,30-89-31-62-22,,#117
"December 4, 2025 - Thursday",VAG Thursday,61-16-79-74-10,,#225
"December 3, 2025 - Wednesday",MID WEEK,89-22-67-62-53,,#1146
"December 3, 2025 - Wednesday",5/39 Direct Wednesday,15-32-26-3-14,,#224
"December 3, 2025 - Wednesday",Wednesday Noon Rush,33-42-11-83-77,,#116
"December 3, 2025 - Wednesday",VAG Wednesday,40-69-16-88-15,,#224
"December 2, 2025 - Tuesday",LUCKY TUESDAY,79-35-52-23-17,,#949
"December 2, 2025 - Tuesday",5/39 Direct Tuesday,14-15-20-19-31,,#222
"December 2, 2025 - Tuesday",Tuesday Noon Rush,72-54-25-48-15,,#117
"December 2, 2025 - Tuesday",VAG Tuesday,38-83-54-11-84,,#810
"December 1, 2025 - Monday",MONDAY SPECIAL,11-9-27-55-32,,#1009
"December 1, 2025 - Monday",5/39 Direct Monday,31-36-27-19-39,,#485
"December 1, 2025 - Monday",Monday Noon Rush,67-55-89-74-38,,#115
"December 1, 2025 - Monday",VAG Monday,27-70-65-68-87,,#215
"November 30, 2025 - Sunday",SUNDAY ASEDA,62-10-72-3-41,,#175
"November 29, 2025 - Saturday",NATIONAL,67-60-56-55-58,,#3293
"November 29, 2025 - Saturday",5/39 Direct Saturday,8-19-7-35-32,,#222
"November 29, 2025 - Saturday",Saturday Noon Rush,56-50-5-66-44,,#116
"November 29, 2025 - Saturday",VAG Saturday,11-31-82-44-88,,#222
"November 28, 2025 - Friday",FRIDAY BONANZA,79-4-49-75-78,,#919
"November 28, 2025 - Friday",5/39 Direct Friday,9-15-19-38-39,,#220
"November 28, 2025 - Friday",Friday Noon Rush,64-62-74-37-85,,#115
"November 28, 2025 - Friday",VAG Friday,54-32-7-62-36,,#220
"November 27, 2025 - Thursday",FORTUNE THURSDAY,41-33-26-88-14,,#949
"November 27, 2025 - Thursday",5/39 Direct Thursday,17-20-28-32-14,,#224
"November 27, 2025 - Thursday",Thursday Noon Rush,22-10-74-85-20,,#116
"November 27, 2025 - Thursday",VAG Thursday,86-87-77-78-40,,#224
"November 26, 2025 - Wednesday",MID WEEK,24-64-79-70-17,,#1145
"November 26, 2025 - Wednesday",5/39 Direct Wednesday,6-27-34-19-39,,#223
"November 26, 2025 - Wednesday",Wednesday Noon Rush,38-55-37-90-32,,#115
"November 26, 2025 - Wednesday",VAG Wednesday,32-62-10-12-35,,#223
"November 25, 2025 - Tuesday",LUCKY TUESDAY,81-67-88-2-4,,#948
"November 25, 2025 - Tuesday",5/39 Direct Tuesday,18-13-15-16-29,,#221
"November 25, 2025 - Tuesday",Tuesday Noon Rush,2-71-1-45-52,,#116
"November 25, 2025 - Tuesday",VAG Tuesday,21-38-42-79-22,,#809
"November 24, 2025 - Monday",MONDAY SPECIAL,48-29-87-79-63,,#1008
"November 24, 2025 - Monday",5/39 Direct Monday,15-23-5-27-30,,#484
"November 24, 2025 - Monday",Monday Noon Rush,78-31-66-45-20,,#114
"November 24, 2025 - Monday",VAG Monday,62-30-3-7-1,,#214
"November 23, 2025 - Sunday",SUNDAY ASEDA,43-60-36-44-87,,#174
"November 22, 2025 - Saturday",NATIONAL,66-4-61-42-86,,#3292
"November 22, 2025 - Saturday",5/39 Direct Saturday,22-31-34-25-15,,#221
"November 22, 2025 - Saturday",Saturday Noon Rush,35-44-24-65-23,,#115
"November 22, 2025 - Saturday",VAG Saturday,24-74-55-73-35,,#221
"November 21, 2025 - Friday",FRIDAY BONANZA,81-60-33-8-76,,#918
"November 21, 2025 - Friday",5/39 Direct Friday,26-39-35-10-36,,#219
"November 21, 2025 - Friday",Friday Noon Rush,60-36-23-56-84,,#114
"November 21, 2025 - Friday",VAG Friday,70-13-33-78-23,,#219
"November 20, 2025 - Thursday",FORTUNE THURSDAY,46-26-4-27-35,,#948
"November 20, 2025 - Thursday",5/39 Direct Thursday,21-9-19-25-2,,#223
"November 20, 2025 - Thursday",Thursday Noon Rush,67-83-8-64-79,,#115
"November 20, 2025 - Thursday",VAG Thursday,75-55-90-46-33,,#223
"November 19, 2025 - Wednesday",MID WEEK,17-53-60-24-9,,#1144
"November 19, 2025 - Wednesday",5/39 Direct Wednesday,38-12-6-30-10,,#222
"November 19, 2025 - Wednesday",Wednesday Noon Rush,86-37-30-78-84,,#114
"November 19, 2025 - Wednesday",VAG Wednesday,59-21-74-45-86,,#222
"November 18, 2025 - Tuesday",LUCKY TUESDAY,81-72-12-89-49,,#947
"November 18, 2025 - Tuesday",5/39 Direct Tuesday,16-25-18-38-26,,#220
"November 18, 2025 - Tuesday",Tuesday Noon Rush,60-89-19-38-25,,#115
"November 18, 2025 - Tuesday",VAG Tuesday,42-47-27-11-55,,#808
"November 17, 2025 - Monday",MONDAY SPECIAL,37-86-35-33-72,,#1007
"November 17, 2025 - Monday",5/39 Direct Monday,18-14-9-21-5,,#483
"November 17, 2025 - Monday",Monday Noon Rush,33-7-9-38-19,,#113
"November 17, 2025 - Monday",VAG Monday,1-32-3-83-16,,#213
"November 16, 2025 - Sunday",SUNDAY ASEDA,53-68-13-63-81,,#173
"November 15, 2025 - Saturday",NATIONAL,65-33-9-73-32,,#3291
"November 15, 2025 - Saturday",5/39 Direct Saturday,29-18-17-13-35,,#220
"November 15, 2025 - Saturday",Saturday Noon Rush,21-79-1-69-57,,#114
"November 15, 2025 - Saturday",VAG Saturday,23-30-26-76-7,,#220
"November 14, 2025 - Friday",FRIDAY BONANZA,90-79-88-80-68,,#917
"November 14, 2025 - Friday",5/39 Direct Friday,23-32-33-37-2,,#218
"November 14, 2025 - Friday",Friday Noon Rush,21-74-31-23-90,,#113
"November 14, 2025 - Friday",VAG Friday,62-5-51-7-54,,#218
"November 13, 2025 - Thursday",FORTUNE THURSDAY,2-50-81-56-15,,#947
"November 13, 2025 - Thursday",5/39 Direct Thursday,31-26-34-12-24,,#222
"November 13, 2025 - Thursday",Thursday Noon Rush,90-85-33-88-76,,#114
"November 13, 2025 - Thursday",VAG Thursday,60-76-38-57-86,,#222
"November 12, 2025 - Wednesday",MID WEEK,76-74-57-48-67,,#1143
"November 12, 2025 - Wednesday",5/39 Direct Wednesday,18-16-27-2-19,,#221
"November 12, 2025 - Wednesday",Wednesday Noon Rush,38-4-16-58-57,,#113
"November 12, 2025 - Wednesday",VAG Wednesday,64-24-2-17-53,,#221
"November 11, 2025 - Tuesday",LUCKY TUESDAY,33-30-59-75-86,,#946
"November 11, 2025 - Tuesday",5/39 Direct Tuesday,8-37-18-13-7,,#219
"November 11, 2025 - Tuesday",Tuesday Noon Rush,61-39-16-38-78,,#114
"November 11, 2025 - Tuesday",VAG Tuesday,6-8-62-85-5,,#807
"November 10, 2025 - Monday",MONDAY SPECIAL,50-62-88-9-24,,#1006
"November 10, 2025 - Monday",5/39 Direct Monday,12-31-33-14-38,,#482
"November 10, 2025 - Monday",Monday Noon Rush,56-74-4-7-11,,#112
"November 10, 2025 - Monday",VAG Monday,5-6-49-64-67,,#212
"November 9, 2025 - Sunday",SUNDAY ASEDA,7-44-20-78-41,,#172
"November 8, 2025 - Saturday",NATIONAL,17-42-11-75-89,,#3290
"November 8, 2025 - Saturday",5/39 Direct Saturday,37-11-19-21-22,,#219
"November 8, 2025 - Saturday",Saturday Noon Rush,60-9-39-18-22,,#113
"November 8, 2025 - Saturday",VAG Saturday,33-1-69-86-44,,#219
"November 7, 2025 - Friday",FRIDAY BONANZA,46-60-1-17-64,,#916
"November 7, 2025 - Friday",5/39 Direct Friday,17-14-18-8-33,,#217
"November 7, 2025 - Friday",Friday Noon Rush,16-33-41-58-90,,#112
"November 7, 2025 - Friday",VAG Friday,22-83-27-54-87,,#217
"November 6, 2025 - Thursday",FORTUNE THURSDAY,32-31-46-65-17,,#946
"November 6, 2025 - Thursday",5/39 Direct Thursday,18-23-10-15-22,,#221
"November 6, 2025 - Thursday",Thursday Noon Rush,89-19-9-71-32,,#113
"November 6, 2025 - Thursday",VAG Thursday,90-49-3-75-15,,#221
"November 5, 2025 - Wednesday",MID WEEK,78-61-10-18-40,,#1142
"November 5, 2025 - Wednesday",5/39 Direct Wednesday,36-19-11-27-5,,#220
"November 5, 2025 - Wednesday",Wednesday Noon Rush,61-30-23-33-52,,#112
"November 5, 2025 - Wednesday",VAG Wednesday,28-83-69-39-23,,#220
"November 4, 2025 - Tuesday",LUCKY TUESDAY,78-22-1-68-63,,#945
"November 4, 2025 - Tuesday",5/39 Direct Tuesday,29-5-14-22-17,,#218
"November 4, 2025 - Tuesday",Tuesday Noon Rush,36-34-17-45-58,,#113
"November 4, 2025 - Tuesday",VAG Tuesday,85-26-51-23-80,,#806
"November 3, 2025 - Monday",MONDAY SPECIAL,32-21-56-14-57,,#1005
"November 3, 2025 - Monday",5/39 Direct Monday,28-17-15-6-7,,#481
"November 3, 2025 - Monday",Monday Noon Rush,47-26-35-74-79,,#111
"November 3, 2025 - Monday",VAG Monday,39-55-65-50-87,,#211
"November 2, 2025 - Sunday",SUNDAY ASEDA,71-89-32-62-70,,#171
"November 1, 2025 - Saturday",NATIONAL,29-12-4-42-20,,#3289
"November 1, 2025 - Saturday",5/39 Direct Saturday,10-14-30-32-26,,#218
"November 1, 2025 - Saturday",Saturday Noon Rush,6-3-45-37-70,,#112
"November 1, 2025 - Saturday",VAG Saturday,69-40-57-31-76,,#218
"October 31, 2025 - Friday",FRIDAY BONANZA,24-62-80-17-64,,#915
"October 31, 2025 - Friday",5/39 Direct Friday,13-36-19-30-21,,#216
"October 31, 2025 - Friday",Friday Noon Rush,16-67-43-46-63,,#111
"October 31, 2025 - Friday",VAG Friday,44-59-31-67-39,,#216
"October 30, 2025 - Thursday",FORTUNE THURSDAY,45-6-71-12-13,,#945
"October 30, 2025 - Thursday",5/39 Direct Thursday,26-14-33-34-20,,#220
"October 30, 2025 - Thursday",Thursday Noon Rush,11-22-21-54-51,,#112
"October 30, 2025 - Thursday",VAG Thursday,62-63-34-85-4,,#220
"October 29, 2025 - Wednesday",MID WEEK,43-4-21-33-46,,#1141
"October 29, 2025 - Wednesday",5/39 Direct Wednesday,24-18-30-10-8,,#219
"October 29, 2025 - Wednesday",Wednesday Noon Rush,89-45-56-44-73,,#111
"October 29, 2025 - Wednesday",VAG Wednesday,60-71-84-73-88,,#219
"October 28, 2025 - Tuesday",LUCKY TUESDAY,29-64-36-67-4,,#944
"October 28, 2025 - Tuesday",5/39 Direct Tuesday,39-34-13-20-15,,#217
"October 28, 2025 - Tuesday",Tuesday Noon Rush,27-21-38-58-89,,#112
"October 28, 2025 - Tuesday",VAG Tuesday,46-71-49-32-85,,#805
"October 27, 2025 - Monday",MONDAY SPECIAL,58-89-12-76-16,,#1004
"October 27, 2025 - Monday",5/39 Direct Monday,27-4-35-7-11,,#480
"October 27, 2025 - Monday",Monday Noon Rush,41-10-85-23-5,,#110
"October 27, 2025 - Monday",VAG Monday,67-36-74-79-90,,#210
"October 26, 2025 - Sunday",SUNDAY ASEDA,62-28-2-52-73,,#170
"October 25, 2025 - Saturday",NATIONAL,24-16-29-69-14,,#3288
"October 25, 2025 - Saturday",5/39 Direct Saturday,16-21-11-23-13,,#217
"October 25, 2025 - Saturday",Saturday Noon Rush,50-62-11-35-29,,#111
"October 25, 2025 - Saturday",VAG Saturday,63-67-41-28-60,,#217
"October 24, 2025 - Friday",FRIDAY BONANZA,86-79-35-30-65,,#914
"October 24, 2025 - Friday",5/39 Direct Friday,5-35-1-24-12,,#215
"October 24, 2025 - Friday",Friday Noon Rush,7-39-46-15-24,,#110
"October 24, 2025 - Friday",VAG Friday,55-61-84-51-80,,#215
"October 23, 2025 - Thursday",FORTUNE THURSDAY,17-19-68-3-84,,#944
"October 23, 2025 - Thursday",5/39 Direct Thursday,39-7-5-16-28,,#219
"October 23, 2025 - Thursday",Thursday Noon Rush,65-73-30-32-45,,#111
"October 23, 2025 - Thursday",VAG Thursday,16-90-49-59-77,,#219
"October 22, 2025 - Wednesday",MID WEEK,83-21-79-88-84,,#1140
"October 22, 2025 - Wednesday",5/39 Direct Wednesday,38-2-23-14-39,,#218
"October 22, 2025 - Wednesday",Wednesday Noon Rush,67-6-14-23-39,,#110
"October 22, 2025 - Wednesday",VAG Wednesday,38-78-36-34-41,,#218
"October 21, 2025 - Tuesday",LUCKY TUESDAY,58-20-41-44-65,,#943
"October 21, 2025 - Tuesday",5/39 Direct Tuesday,38-4-31-16-32,,#216
"October 21, 2025 - Tuesday",Tuesday Noon Rush,75-55-56-32-73,,#111
"October 21, 2025 - Tuesday",VAG Tuesday,64-71-11-36-53,,#804
"October 20, 2025 - Monday",MONDAY SPECIAL,40-75-88-23-39,,#1003
"October 20, 2025 - Monday",5/39 Direct Monday,4-10-30-32-22,,#479
"October 20, 2025 - Monday",Monday Noon Rush,45-50-59-26-31,,#109
"October 20, 2025 - Monday",VAG Monday,45-83-2-55-59,,#209
"October 19, 2025 - Sunday",SUNDAY ASEDA,33-80-34-77-57,,#169
"October 18, 2025 - Saturday",NATIONAL,34-56-87-90-35,,#3287
"October 18, 2025 - Saturday",5/39 Direct Saturday,3-5-18-16-17,,#216
"October 18, 2025 - Saturday",Saturday Noon Rush,15-81-58-49-23,,#110
"October 18, 2025 - Saturday",VAG Saturday,82-59-87-69-16,,#216
"October 17, 2025 - Friday",FRIDAY BONANZA,18-80-41-67-22,,#913
"October 17, 2025 - Friday",5/39 Direct Friday,36-10-18-13-34,,#214
"October 17, 2025 - Friday",Friday Noon Rush,47-26-2-83-73,,#109
"October 17, 2025 - Friday",VAG Friday,32-61-58-3-33,,#214
"October 16, 2025 - Thursday",FORTUNE THURSDAY,44-73-6-81-62,,#943
"October 16, 2025 - Thursday",5/39 Direct Thursday,20-31-3-2-23,,#218
"October 16, 2025 - Thursday",Thursday Noon Rush,77-18-57-53-61,,#110
"October 16, 2025 - Thursday",VAG Thursday,82-83-20-14-58,,#218
"October 15, 2025 - Wednesday",MID WEEK,84-85-20-33-36,,#1139
"October 15, 2025 - Wednesday",5/39 Direct Wednesday,6-13-3-5-38,,#217
"October 15, 2025 - Wednesday",Wednesday Noon Rush,33-72-68-70-85,,#109
"October 15, 2025 - Wednesday",VAG Wednesday,10-30-27-33-46,,#217
"October 14, 2025 - Tuesday",LUCKY TUESDAY,38-63-18-76-85,,#942
"October 14, 2025 - Tuesday",5/39 Direct Tuesday,14-38-6-13-18,,#215
"October 14, 2025 - Tuesday",Tuesday Noon Rush,89-51-65-90-79,,#110
"October 14, 2025 - Tuesday",VAG Tuesday,37-44-63-57-40,,#803
"October 13, 2025 - Monday",MONDAY SPECIAL,38-69-28-87-31,,#1002
"October 13, 2025 - Monday",5/39 Direct Monday,23-15-25-16-3,,#478
"October 13, 2025 - Monday",Monday Noon Rush,16-74-88-37-5,,#108
"October 13, 2025 - Monday",VAG Monday,21-6-84-85-49,,#208
"October 12, 2025 - Sunday",SUNDAY ASEDA,28-87-8-41-37,,#168
"October 11, 2025 - Saturday",NATIONAL,53-29-67-61-19,,#3286
"October 11, 2025 - Saturday",5/39 Direct Saturday,24-4-20-8-3,,#215
"October 11, 2025 - Saturday",Saturday Noon Rush,8-85-59-69-19,,#109
"October 11, 2025 - Saturday",VAG Saturday,2-16-65-10-58,,#215
"October 10, 2025 - Friday",FRIDAY BONANZA,73-63-68-29-35,,#912
"October 10, 2025 - Friday",5/39 Direct Friday,37-1-17-2-12,,#213
"October 10, 2025 - Friday",Friday Noon Rush,31-72-64-88-45,,#108
"October 10, 2025 - Friday",VAG Friday,87-68-21-44-55,,#213
"October 9, 2025 - Thursday",FORTUNE THURSDAY,15-44-39-31-89,,#942
"October 9, 2025 - Thursday",5/39 Direct Thursday,13-32-26-14-12,,#217
"October 9, 2025 - Thursday",Thursday Noon Rush,90-75-40-50-32,,#109
"October 9, 2025 - Thursday",VAG Thursday,34-66-23-70-10,,#217
"October 8, 2025 - Wednesday",MID WEEK,1-2-60-74-15,,#1138
"October 8, 2025 - Wednesday",5/39 Direct Wednesday,21-6-9-16-30,,#216
"October 8, 2025 - Wednesday",Wednesday Noon Rush,33-44-61-30-40,,#108
"October 8, 2025 - Wednesday",VAG Wednesday,73-45-83-54-55,,#216
"October 7, 2025 - Tuesday",LUCKY TUESDAY,86-26-51-73-6,,#941
"October 7, 2025 - Tuesday",5/39 Direct Tuesday,1-8-27-36-31,,#214
"October 7, 2025 - Tuesday",Tuesday Noon Rush,49-81-30-20-47,,#109
"October 7, 2025 - Tuesday",VAG Tuesday,90-23-69-51-81,,#802
"October 6, 2025 - Monday",MONDAY SPECIAL,55-25-74-13-1,,#1001
"October 6, 2025 - Monday",5/39 Direct Monday,12-5-18-22-4,,#477
"October 6, 2025 - Monday",Monday Noon Rush,58-76-28-26-49,,#107
"October 6, 2025 - Monday",VAG Monday,40-34-49-46-58,,#207
"October 5, 2025 - Sunday",SUNDAY ASEDA,5-80-4-31-72,,#167
"October 4, 2025 - Saturday",NATIONAL,79-69-28-48-33,,#3285
"October 4, 2025 - Saturday",5/39 Direct Saturday,33-8-21-31-25,,#214
"October 4, 2025 - Saturday",Saturday Noon Rush,69-18-82-70-44,,#108
"October 4, 2025 - Saturday",VAG Saturday,26-71-44-34-45,,#214
"October 3, 2025 - Friday",FRIDAY BONANZA,43-62-2-90-66,,#911
"October 3, 2025 - Friday",5/39 Direct Friday,1-7-18-4-27,,#212
"October 3, 2025 - Friday",Friday Noon Rush,63-11-89-58-47,,#107
"October 3, 2025 - Friday",VAG Friday,36-41-33-32-47,,#212
"October 2, 2025 - Thursday",FORTUNE THURSDAY,38-57-69-47-2,,#941
"October 2, 2025 - Thursday",5/39 Direct Thursday,1-20-8-28-15,,#216
"October 2, 2025 - Thursday",Thursday Noon Rush,37-41-61-9-27,,#108
"October 2, 2025 - Thursday",VAG Thursday,71-26-16-18-74,,#216
"October 1, 2025 - Wednesday",MID WEEK,82-15-55-67-47,,#1137
"October 1, 2025 - Wednesday",5/39 Direct Wednesday,4-22-12-3-19,,#215
"October 1, 2025 - Wednesday",Wednesday Noon Rush,80-37-3-58-69,,#107
"October 1, 2025 - Wednesday",VAG Wednesday,55-79-80-1-15,,#215
"September 30, 2025 - Tuesday",LUCKY TUESDAY,11-69-64-35-78,,#940
"September 30, 2025 - Tuesday",5/39 Direct Tuesday,37-30-33-31-28,,#213
"September 30, 2025 - Tuesday",Tuesday Noon Rush,49-8-30-32-33,,#108
"September 30, 2025 - Tuesday",VAG Tuesday,81-16-44-40-72,,#801
"September 29, 2025 - Monday",MONDAY SPECIAL,19-67-8-37-49,,#1000
"September 29, 2025 - Monday",5/39 Direct Monday,6-27-9-35-25,,#476
"September 29, 2025 - Monday",Monday Noon Rush,20-19-85-8-59,,#106
"September 29, 2025 - Monday",VAG Monday,39-45-59-53-54,,#206
"September 28, 2025 - Sunday",SUNDAY ASEDA,15-34-78-9-89,,#166
"September 27, 2025 - Saturday",NATIONAL,38-34-63-43-86,,#3284
"September 27, 2025 - Saturday",5/39 Direct Saturday,1-17-12-13-4,,#213
"September 27, 2025 - Saturday",Saturday Noon Rush,19-80-85-82-70,,#107
"September 27, 2025 - Saturday",VAG Saturday,3-38-62-90-66,,#213
"September 26, 2025 - Friday",FRIDAY BONANZA,56-28-21-19-85,,#910
"September 26, 2025 - Friday",5/39 Direct Friday,21-39-32-22-4,,#211
"September 26, 2025 - Friday",Friday Noon Rush,13-47-25-45-6,,#106
"September 26, 2025 - Friday",VAG Friday,20-41-57-1-51,,#211
"September 25, 2025 - Thursday",FORTUNE THURSDAY,89-62-72-6-4,,#940
"September 25, 2025 - Thursday",5/39 Direct Thursday,37-35-11-13-18,,#215
"September 25, 2025 - Thursday",Thursday Noon Rush,50-69-59-16-26,,#107
"September 25, 2025 - Thursday",VAG Thursday,77-62-60-11-36,,#215
"September 24, 2025 - Wednesday",MID WEEK,49-46-45-9-38,,#1136
"September 24, 2025 - Wednesday",5/39 Direct Wednesday,26-31-25-7-12,,#214
"September 24, 2025 - Wednesday",Wednesday Noon Rush,39-68-52-50-53,,#106
"September 24, 2025 - Wednesday",VAG Wednesday,28-12-88-19-74,,#214
"September 23, 2025 - Tuesday",LUCKY TUESDAY,14-78-29-86-39,,#939
"September 23, 2025 - Tuesday",5/39 Direct Tuesday,31-33-37-8-7,,#212
"September 23, 2025 - Tuesday",Tuesday Noon Rush,52-23-65-72-89,,#107
"September 23, 2025 - Tuesday",VAG Tuesday,40-37-42-89-2,,#800
"September 22, 2025 - Monday",MONDAY SPECIAL,1-15-38-46-27,,#999
"September 22, 2025 - Monday",5/39 Direct Monday,10-20-22-12-36,,#475
"September 22, 2025 - Monday",Monday Noon Rush,28-53-51-60-21,,#105
"September 22, 2025 - Monday",VAG Monday,40-85-65-7-64,,#205
"September 21, 2025 - Sunday",SUNDAY ASEDA,73-13-59-83-74,,#165
"September 20, 2025 - Saturday",NATIONAL,15-36-41-25-7,,#3283
"September 20, 2025 - Saturday",5/39 Direct Saturday,18-1-34-37-9,,#212
"September 20, 2025 - Saturday",Saturday Noon Rush,64-24-59-29-56,,#106
"September 20, 2025 - Saturday",VAG Saturday,70-55-78-12-40,,#212
"September 19, 2025 - Friday",FRIDAY BONANZA,88-69-39-33-25,,#909
"September 19, 2025 - Friday",5/39 Direct Friday,3-4-31-12-19,,#210
"September 19, 2025 - Friday",Friday Noon Rush,78-66-40-38-82,,#105
"September 19, 2025 - Friday",VAG Friday,3-40-45-22-49,,#210
"September 18, 2025 - Thursday",FORTUNE THURSDAY,30-59-55-75-34,,#939
"September 18, 2025 - Thursday",5/39 Direct Thursday,16-23-34-37-18,,#214
"September 18, 2025 - Thursday",Thursday Noon Rush,85-61-86-18-15,,#106
"September 18, 2025 - Thursday",VAG Thursday,29-83-51-78-11,,#214
"September 17, 2025 - Wednesday",MID WEEK,68-63-16-34-85,,#1135
"September 17, 2025 - Wednesday",5/39 Direct Wednesday,15-29-37-6-21,,#213
"September 17, 2025 - Wednesday",Wednesday Noon Rush,55-61-74-18-19,,#105
"September 17, 2025 - Wednesday",VAG Wednesday,46-52-51-67-57,,#213
"September 16, 2025 - Tuesday",LUCKY TUESDAY,49-87-61-22-34,,#938
"September 16, 2025 - Tuesday",5/39 Direct Tuesday,23-27-34-13-2,,#211
"September 16, 2025 - Tuesday",Tuesday Noon Rush,16-45-86-33-21,,#106
"September 16, 2025 - Tuesday",VAG Tuesday,58-39-29-31-74,,#799
"September 15, 2025 - Monday",MONDAY SPECIAL,33-90-34-3-73,,#998
"September 15, 2025 - Monday",5/39 Direct Monday,26-32-12-31-3,,#474
"September 15, 2025 - Monday",Monday Noon Rush,40-48-56-10-42,,#104
"September 15, 2025 - Monday",VAG Monday,49-80-21-57-62,,#204
"September 14, 2025 - Sunday",SUNDAY ASEDA,36-12-64-14-79,,#164
"September 13, 2025 - Saturday",NATIONAL,47-57-79-17-34,,#3282
"September 13, 2025 - Saturday",5/39 Direct Saturday,5-1-6-17-19,,#211
"September 13, 2025 - Saturday",Saturday Noon Rush,11-9-69-78-77,,#105
"September 13, 2025 - Saturday",VAG Saturday,55-72-81-64-26,,#211
"September 12, 2025 - Friday",FRIDAY BONANZA,38-58-90-57-86,,#908
"September 12, 2025 - Friday",5/39 Direct Friday,8-28-6-25-15,,#209
"September 12, 2025 - Friday",Friday Noon Rush,45-61-49-51-41,,#104
"September 12, 2025 - Friday",VAG Friday,30-84-13-53-28,,#209
"September 11, 2025 - Thursday",FORTUNE THURSDAY,72-44-76-60-30,,#938
"September 11, 2025 - Thursday",5/39 Direct Thursday,15-9-33-14-13,,#213
"September 11, 2025 - Thursday",Thursday Noon Rush,75-44-24-8-1,,#105
"September 11, 2025 - Thursday",VAG Thursday,78-26-56-14-48,,#213
"September 10, 2025 - Wednesday",MID WEEK,23-32-19-70-30,,#1134
"September 10, 2025 - Wednesday",5/39 Direct Wednesday,34-21-36-25-7,,#212
"September 10, 2025 - Wednesday",Wednesday Noon Rush,90-56-72-34-19,,#104
"September 10, 2025 - Wednesday",VAG Wednesday,65-77-26-24-48,,#212
"September 9, 2025 - Tuesday",LUCKY TUESDAY,14-51-57-89-17,,#937
"September 9, 2025 - Tuesday",5/39 Direct Tuesday,8-39-30-24-2,,#210
"September 9, 2025 - Tuesday",Tuesday Noon Rush,21-34-45-86-49,,#105
"September 9, 2025 - Tuesday",VAG Tuesday,83-50-45-71-36,,#798
"September 8, 2025 - Monday",MONDAY SPECIAL,13-36-81-59-26,,#997
"September 8, 2025 - Monday",5/39 Direct Monday,8-1-33-20-25,,#473
"September 8, 2025 - Monday",Monday Noon Rush,5-63-81-70-76,,#103
"September 8, 2025 - Monday",VAG Monday,34-61-57-38-48,,#203
"September 7, 2025 - Sunday",SUNDAY ASEDA,2-17-12-10-18,,#163
"September 6, 2025 - Saturday",NATIONAL,89-58-45-31-19,,#3281
"September 6, 2025 - Saturday",5/39 Direct Saturday,14-24-20-19-28,,#210
"September 6, 2025 - Saturday",Saturday Noon Rush,15-31-43-29-22,,#104
"September 6, 2025 - Saturday",VAG Saturday,69-8-23-79-77,,#210
"September 5, 2025 - Friday",FRIDAY BONANZA,57-3-60-71-17,,#907
"September 5, 2025 - Friday",5/39 Direct Friday,38-31-9-16-13,,#208
"September 5, 2025 - Friday",Friday Noon Rush,46-42-48-85-23,,#103
"September 5, 2025 - Friday",VAG Friday,53-59-17-29-14,,#208
"September 4, 2025 - Thursday",FORTUNE THURSDAY,62-19-46-12-43,,#937
"September 4, 2025 - Thursday",5/39 Direct Thursday,20-3-22-9-2,,#212
"September 4, 2025 - Thursday",Thursday Noon Rush,49-1-81-39-23,,#104
"September 4, 2025 - Thursday",VAG Thursday,88-59-6-23-21,,#212
"September 3, 2025 - Wednesday",MID WEEK,58-84-18-57-7,,#1133
"September 3, 2025 - Wednesday",5/39 Direct Wednesday,16-34-21-22-10,,#211
"September 3, 2025 - Wednesday",Wednesday Noon Rush,61-18-22-30-81,,#103
"September 3, 2025 - Wednesday",VAG Wednesday,54-45-59-21-24,,#211
"September 2, 2025 - Tuesday",LUCKY TUESDAY,57-50-21-89-46,,#936
"September 2, 2025 - Tuesday",5/39 Direct Tuesday,6-26-29-1-32,,#209
"September 2, 2025 - Tuesday",Tuesday Noon Rush,17-90-53-18-64,,#104
"September 2, 2025 - Tuesday",VAG Tuesday,8-60-63-82-49,,#797
"September 1, 2025 - Monday",MONDAY SPECIAL,81-84-50-10-41,,#996
"September 1, 2025 - Monday",5/39 Direct Monday,17-26-9-31-25,,#472
"September 1, 2025 - Monday",Monday Noon Rush,6-24-77-46-9,,#102
"September 1, 2025 - Monday",VAG Monday,13-61-26-45-75,,#202
"August 31, 2025 - Sunday",SUNDAY ASEDA,57-88-74-46-40,,#162
"August 30, 2025 - Saturday",NATIONAL,61-17-65-54-59,,#3280
"August 30, 2025 - Saturday",5/39 Direct Saturday,5-22-39-19-10,,#209
"August 30, 2025 - Saturday",Saturday Noon Rush,80-6-3-75-86,,#103
"August 30, 2025 - Saturday",VAG Saturday,84-20-30-90-38,,#209
"August 29, 2025 - Friday",FRIDAY BONANZA,13-63-60-23-67,,#906
"August 29, 2025 - Friday",5/39 Direct Friday,13-39-1-16-36,,#207
"August 29, 2025 - Friday",Friday Noon Rush,1-11-75-33-65,,#102
"August 29, 2025 - Friday",VAG Friday,4-59-50-61-11,,#207
"August 28, 2025 - Thursday",FORTUNE THURSDAY,40-56-35-57-59,,#936
"August 28, 2025 - Thursday",5/39 Direct Thursday,39-20-3-15-28,,#211
"August 28, 2025 - Thursday",Thursday Noon Rush,66-25-27-9-12,,#103
"August 28, 2025 - Thursday",VAG Thursday,21-37-29-6-41,,#211
"August 27, 2025 - Wednesday",MID WEEK,84-14-18-10-89,,#1132
"August 27, 2025 - Wednesday",5/39 Direct Wednesday,11-12-32-2-33,,#210
"August 27, 2025 - Wednesday",Wednesday Noon Rush,14-78-88-42-67,,#102
"August 27, 2025 - Wednesday",VAG Wednesday,3-30-68-60-31,,#210
"August 26, 2025 - Tuesday",LUCKY TUESDAY,4-90-38-56-85,,#935
"August 26, 2025 - Tuesday",5/39 Direct Tuesday,19-21-29-24-34,,#208
"August 26, 2025 - Tuesday",Tuesday Noon Rush,3-80-17-40-61,,#103
"August 26, 2025 - Tuesday",VAG Tuesday,49-78-16-33-70,,#796
"August 25, 2025 - Monday",MONDAY SPECIAL,2-1-61-63-85,,#995
"August 25, 2025 - Monday",5/39 Direct Monday,29-25-3-32-15,,#471
"August 25, 2025 - Monday",Monday Noon Rush,85-44-84-40-51,,#101
"August 25, 2025 - Monday",VAG Monday,16-43-20-15-10,,#201
"August 24, 2025 - Sunday",SUNDAY ASEDA,71-51-36-84-10,,#161
"August 23, 2025 - Saturday",NATIONAL,6-2-3-73-47,,#3279
"August 23, 2025 - Saturday",5/39 Direct Saturday,4-32-24-36-19,,#208
"August 23, 2025 - Saturday",Saturday Noon Rush,42-4-7-60-83,,#102
"August 23, 2025 - Saturday",VAG Saturday,17-38-46-44-77,,#208
"August 22, 2025 - Friday",FRIDAY BONANZA,29-28-48-64-31,,#905
"August 22, 2025 - Friday",5/39 Direct Friday,31-16-10-13-11,,#206
"August 22, 2025 - Friday",Friday Noon Rush,41-67-43-70-12,,#101
"August 22, 2025 - Friday",VAG Friday,85-82-74-15-64,,#206
"August 21, 2025 - Thursday",FORTUNE THURSDAY,44-70-5-9-25,,#935
"August 21, 2025 - Thursday",5/39 Direct Thursday,37-10-30-3-23,,#210
"August 21, 2025 - Thursday",Thursday Noon Rush,60-50-14-38-7,,#102
"August 21, 2025 - Thursday",VAG Thursday,53-9-75-55-71,,#210
"August 20, 2025 - Wednesday",MID WEEK,68-45-43-40-15,,#1131
"August 20, 2025 - Wednesday",5/39 Direct Wednesday,22-25-6-28-31,,#209
"August 20, 2025 - Wednesday",Wednesday Noon Rush,69-5-18-7-3,,#101
"August 20, 2025 - Wednesday",VAG Wednesday,87-13-49-90-23,,#209
"August 19, 2025 - Tuesday",LUCKY TUESDAY,1-88-71-66-3,,#934
"August 19, 2025 - Tuesday",5/39 Direct Tuesday,38-5-2-23-6,,#207
"August 19, 2025 - Tuesday",Tuesday Noon Rush,31-27-75-43-39,,#102
"August 19, 2025 - Tuesday",VAG Tuesday,77-48-88-44-85,,#795
"August 18, 2025 - Monday",MONDAY SPECIAL,27-16-89-77-14,,#994
"August 18, 2025 - Monday",5/39 Direct Monday,38-14-17-24-1,,#470
"August 18, 2025 - Monday",Monday Noon Rush,86-60-2-44-85,,#100
"August 18, 2025 - Monday",VAG Monday,72-31-87-43-58,,#200
"August 17, 2025 - Sunday",SUNDAY ASEDA,53-55-87-33-6,,#160
"August 16, 2025 - Saturday",NATIONAL,8-14-72-21-15,,#3278
"August 16, 2025 - Saturday",5/39 Direct Saturday,19-11-21-26-20,,#207
"August 16, 2025 - Saturday",Saturday Noon Rush,40-53-45-69-81,,#101
"August 16, 2025 - Saturday",VAG Saturday,28-53-60-2-14,,#207
"August 15, 2025 - Friday",FRIDAY BONANZA,55-20-30-54-24,,#904
"August 15, 2025 - Friday",5/39 Direct Friday,38-12-20-1-9,,#205
"August 15, 2025 - Friday",Friday Noon Rush,51-82-33-39-67,,#100
"August 15, 2025 - Friday",VAG Friday,15-33-49-72-56,,#205
"August 14, 2025 - Thursday",FORTUNE THURSDAY,78-3-82-29-22,,#934
"August 14, 2025 - Thursday",5/39 Direct Thursday,37-23-14-3-29,,#209
"August 14, 2025 - Thursday",Thursday Noon Rush,6-55-1-21-83,,#101
"August 14, 2025 - Thursday",VAG Thursday,75-38-50-69-10,,#209
"August 13, 2025 - Wednesday",MID WEEK,76-39-1-83-29,,#1130
"August 13, 2025 - Wednesday",5/39 Direct Wednesday,18-32-25-22-3,,#208
"August 13, 2025 - Wednesday",Wednesday Noon Rush,17-3-80-57-22,,#100
"August 13, 2025 - Wednesday",VAG Wednesday,71-41-10-12-88,,#208
"August 12, 2025 - Tuesday",LUCKY TUESDAY,64-86-83-16-26,,#933
"August 12, 2025 - Tuesday",5/39 Direct Tuesday,3-5-19-4-33,,#206
"August 12, 2025 - Tuesday",Tuesday Noon Rush,67-32-11-88-43,,#101
"August 12, 2025 - Tuesday",VAG Tuesday,68-42-71-59-28,,#794
"August 11, 2025 - Monday",MONDAY SPECIAL,4-70-22-34-90,,#993
"August 11, 2025 - Monday",5/39 Direct Monday,25-33-12-32-15,,#469
"August 11, 2025 - Monday",Monday Noon Rush,46-8-5-86-57,,#99
"August 11, 2025 - Monday",VAG Monday,1-66-11-68-65,,#199
"August 10, 2025 - Sunday",SUNDAY ASEDA,47-15-30-69-42,,#159
"August 9, 2025 - Saturday",NATIONAL,8-57-63-58-87,,#3277
"August 9, 2025 - Saturday",5/39 Direct Saturday,22-27-16-9-4,,#206
"August 9, 2025 - Saturday",Saturday Noon Rush,58-36-21-87-41,,#100
"August 9, 2025 - Saturday",VAG Saturday,81-20-41-73-72,,#206
"August 8, 2025 - Friday",FRIDAY BONANZA,76-7-55-72-15,,#903
"August 8, 2025 - Friday",5/39 Direct Friday,32-9-6-11-21,,#204
"August 8, 2025 - Friday",Friday Noon Rush,18-48-44-87-78,,#99
"August 8, 2025 - Friday",VAG Friday,24-9-62-73-17,,#204
"August 7, 2025 - Thursday",FORTUNE THURSDAY,2-33-29-78-15,,#933
"August 7, 2025 - Thursday",5/39 Direct Thursday,21-14-24-25-5,,#208
"August 7, 2025 - Thursday",Thursday Noon Rush,85-25-15-52-90,,#100
"August 7, 2025 - Thursday",VAG Thursday,81-71-61-15-28,,#208
"August 6, 2025 - Wednesday",MID WEEK,70-51-52-5-88,,#1129
"August 6, 2025 - Wednesday",5/39 Direct Wednesday,37-34-16-13-36,,#207
"August 6, 2025 - Wednesday",Wednesday Noon Rush,51-54-46-42-29,,#99
"August 6, 2025 - Wednesday",VAG Wednesday,54-26-62-66-75,,#207
"August 5, 2025 - Tuesday",LUCKY TUESDAY,28-54-72-76-89,,#932
"August 5, 2025 - Tuesday",5/39 Direct Tuesday,19-23-22-28-25,,#205
"August 5, 2025 - Tuesday",Tuesday Noon Rush,39-11-56-7-90,,#100
"August 5, 2025 - Tuesday",VAG Tuesday,49-62-39-15-1,,#793
"August 4, 2025 - Monday",MONDAY SPECIAL,12-52-73-79-71,,#992
"August 4, 2025 - Monday",5/39 Direct Monday,2-37-17-9-33,,#468
"August 4, 2025 - Monday",Monday Noon Rush,5-72-17-32-11,,#98
"August 4, 2025 - Monday",VAG Monday,56-72-23-47-60,,#198
"August 3, 2025 - Sunday",SUNDAY ASEDA,77-52-27-87-71,,#158
"August 2, 2025 - Saturday",NATIONAL,16-32-60-73-23,,#3276
"August 2, 2025 - Saturday",5/39 Direct Saturday,25-9-22-31-29,,#205
"August 2, 2025 - Saturday",Saturday Noon Rush,69-61-1-35-28,,#99
"August 2, 2025 - Saturday",VAG Saturday,74-51-14-48-8,,#205
"August 1, 2025 - Friday",FRIDAY BONANZA,56-26-71-33-35,,#902
"August 1, 2025 - Friday",5/39 Direct Friday,4-21-37-3-17,,#203
"August 1, 2025 - Friday",Friday Noon Rush,13-69-39-45-40,,#98
"August 1, 2025 - Friday",VAG Friday,24-45-53-74-32,,#203
"July 31, 2025 - Thursday",FORTUNE THURSDAY,67-46-66-9-64,,#932
"July 31, 2025 - Thursday",5/39 Direct Thursday,13-33-24-37-11,,#207
"July 31, 2025 - Thursday",Thursday Noon Rush,76-66-69-39-83,,#99
"July 31, 2025 - Thursday",VAG Thursday,31-49-56-59-32,,#207
"July 30, 2025 - Wednesday",MID WEEK,8-44-75-40-21,,#1128
"July 30, 2025 - Wednesday",5/39 Direct Wednesday,23-12-31-11-14,,#206
"July 30, 2025 - Wednesday",Wednesday Noon Rush,40-64-68-11-61,,#98
"July 30, 2025 - Wednesday",VAG Wednesday,35-6-57-56-40,,#206
"July 29, 2025 - Tuesday",LUCKY TUESDAY,50-27-61-74-37,,#931
"July 29, 2025 - Tuesday",5/39 Direct Tuesday,15-23-6-13-37,,#204
"July 29, 2025 - Tuesday",Tuesday Noon Rush,11-35-85-12-73,,#99
"July 29, 2025 - Tuesday",VAG Tuesday,82-45-18-90-69,,#792
"July 28, 2025 - Monday",MONDAY SPECIAL,50-31-73-33-6,,#991
"July 28, 2025 - Monday",5/39 Direct Monday,4-2-14-23-10,,#467
"July 28, 2025 - Monday",Monday Noon Rush,41-29-23-4-8,,#97
"July 28, 2025 - Monday",VAG Monday,11-86-27-66-43,,#197
"July 27, 2025 - Sunday",SUNDAY ASEDA,58-4-48-12-82,,#157
"July 26, 2025 - Saturday",NATIONAL,53-88-56-10-43,,#3275
"July 26, 2025 - Saturday",5/39 Direct Saturday,3-27-13-7-5,,#204
"July 26, 2025 - Saturday",Saturday Noon Rush,8-50-60-56-70,,#98
"July 26, 2025 - Saturday",VAG Saturday,13-62-28-24-31,,#204
"July 25, 2025 - Friday",FRIDAY BONANZA,14-80-19-41-79,,#901
"July 25, 2025 - Friday",5/39 Direct Friday,39-24-9-5-21,,#202
"July 25, 2025 - Friday",Friday Noon Rush,54-4-11-29-73,,#97
"July 25, 2025 - Friday",VAG Friday,53-80-78-26-11,,#202
"July 24, 2025 - Thursday",FORTUNE THURSDAY,82-10-58-83-21,,#931
"July 24, 2025 - Thursday",5/39 Direct Thursday,26-21-32-38-14,,#206
"July 24, 2025 - Thursday",Thursday Noon Rush,46-59-1-29-66,,#98
"July 24, 2025 - Thursday",VAG Thursday,60-81-66-12-40,,#206
"July 23, 2025 - Wednesday",MID WEEK,85-30-4-17-87,,#1127
"July 23, 2025 - Wednesday",5/39 Direct Wednesday,39-33-21-10-22,,#205
"July 23, 2025 - Wednesday",Wednesday Noon Rush,78-4-55-21-90,,#97
"July 23, 2025 - Wednesday",VAG Wednesday,10-77-53-69-42,,#205
"July 22, 2025 - Tuesday",LUCKY TUESDAY,43-44-36-75-88,,#930
"July 22, 2025 - Tuesday",5/39 Direct Tuesday,9-29-2-8-33,,#203
"July 22, 2025 - Tuesday",Tuesday Noon Rush,59-65-13-38-82,,#98
"July 22, 2025 - Tuesday",VAG Tuesday,11-82-72-56-65,,#791
"July 21, 2025 - Monday",MONDAY SPECIAL,16-38-66-77-72,,#990
"July 21, 2025 - Monday",5/39 Direct Monday,30-35-19-5-3,,#466
"July 21, 2025 - Monday",Monday Noon Rush,87-70-7-41-34,,#96
"July 21, 2025 - Monday",VAG Monday,40-55-2-1-11,,#196
"July 20, 2025 - Sunday",SUNDAY ASEDA,31-80-4-9-70,,#156
"July 19, 2025 - Saturday",NATIONAL,59-14-80-31-67,,#3274
"July 19, 2025 - Saturday",5/39 Direct Saturday,6-13-22-35-36,,#203
"July 19, 2025 - Saturday",Saturday Noon Rush,22-44-46-65-57,,#97
"July 19, 2025 - Saturday",VAG Saturday,67-20-13-14-27,,#203
"July 18, 2025 - Friday",FRIDAY BONANZA,86-35-47-7-74,,#900
"July 18, 2025 - Friday",5/39 Direct Friday,32-11-38-36-35,,#201
"July 18, 2025 - Friday",Friday Noon Rush,20-44-31-12-17,,#96
"July 18, 2025 - Friday",VAG Friday,36-71-60-20-27,,#201
"July 17, 2025 - Thursday",FORTUNE THURSDAY,2-51-67-83-18,,#930
"July 17, 2025 - Thursday",5/39 Direct Thursday,39-16-8-25-30,,#205
"July 17, 2025 - Thursday",Thursday Noon Rush,44-50-42-87-22,,#97
"July 17, 2025 - Thursday",VAG Thursday,1-68-23-72-38,,#205
"July 16, 2025 - Wednesday",MID WEEK,48-55-41-69-32,,#1126
"July 16, 2025 - Wednesday",5/39 Direct Wednesday,10-17-36-7-4,,#204
"July 16, 2025 - Wednesday",Wednesday Noon Rush,73-78-4-9-20,,#96
"July 16, 2025 - Wednesday",VAG Wednesday,12-18-85-81-13,,#204
"July 15, 2025 - Tuesday",LUCKY TUESDAY,60-2-33-46-89,,#929
"July 15, 2025 - Tuesday",5/39 Direct Tuesday,8-27-34-20-37,,#202
"July 15, 2025 - Tuesday",Tuesday Noon Rush,65-4-8-34-10,,#97
"July 15, 2025 - Tuesday",VAG Tuesday,60-44-69-8-33,,#790
"July 14, 2025 - Monday",MONDAY SPECIAL,52-47-62-46-16,,#989
"July 14, 2025 - Monday",5/39 Direct Monday,6-32-30-7-12,,#465
"July 14, 2025 - Monday",Monday Noon Rush,78-73-34-84-55,,#95
"July 14, 2025 - Monday",VAG Monday,88-23-25-42-86,,#195
"July 13, 2025 - Sunday",SUNDAY ASEDA,2-56-33-32-85,,#155
"July 12, 2025 - Saturday",NATIONAL,85-81-70-64-62,,#3273
"July 12, 2025 - Saturday",5/39 Direct Saturday,35-6-39-31-21,,#202
"July 12, 2025 - Saturday",Saturday Noon Rush,65-32-12-3-55,,#96
"July 12, 2025 - Saturday",VAG Saturday,29-72-41-9-63,,#202
"July 11, 2025 - Friday",FRIDAY BONANZA,39-25-9-80-41,,#899
"July 11, 2025 - Friday",5/39 Direct Friday,2-26-3-12-17,,#200
"July 11, 2025 - Friday",Friday Noon Rush,80-73-66-14-74,,#95
"July 11, 2025 - Friday",VAG Friday,90-33-57-27-55,,#200
"July 10, 2025 - Thursday",FORTUNE THURSDAY,67-29-53-44-90,,#929
"July 10, 2025 - Thursday",5/39 Direct Thursday,35-5-20-25-19,,#204
"July 10, 2025 - Thursday",Thursday Noon Rush,37-61-72-6-27,,#96
"July 10, 2025 - Thursday",VAG Thursday,28-58-29-72-79,,#204
"July 9, 2025 - Wednesday",MID WEEK,31-43-16-3-79,,#1125
"July 9, 2025 - Wednesday",5/39 Direct Wednesday,17-3-8-30-15,,#203
"July 9, 2025 - Wednesday",Wednesday Noon Rush,24-83-54-64-59,,#95
"July 9, 2025 - Wednesday",VAG Wednesday,29-71-34-68-12,,#203
"July 8, 2025 - Tuesday",LUCKY TUESDAY,51-66-74-62-6,,#928
"July 8, 2025 - Tuesday",5/39 Direct Tuesday,18-20-27-5-39,,#201
"July 8, 2025 - Tuesday",Tuesday Noon Rush,23-64-49-17-86,,#96
"July 8, 2025 - Tuesday",VAG Tuesday,84-65-53-59-23,,#789
"July 7, 2025 - Monday",MONDAY SPECIAL,40-4-36-66-29,,#988
"July 7, 2025 - Monday",5/39 Direct Monday,28-10-27-21-32,,#464
"July 7, 2025 - Monday",Monday Noon Rush,8-2-43-6-52,,#94
"July 7, 2025 - Monday",VAG Monday,62-54-81-67-84,,#194
"July 6, 2025 - Sunday",SUNDAY ASEDA,58-75-88-68-85,,#154
"July 5, 2025 - Saturday",NATIONAL,11-60-43-28-6,,#3272
"July 5, 2025 - Saturday",5/39 Direct Saturday,34-14-17-29-23,,#201
"July 5, 2025 - Saturday",Saturday Noon Rush,82-59-38-88-81,,#95
"July 5, 2025 - Saturday",VAG Saturday,71-86-13-50-87,,#201
"July 4, 2025 - Friday",FRIDAY BONANZA,68-62-36-56-58,,#898
"July 4, 2025 - Friday",5/39 Direct Friday,37-31-20-5-18,,#199
"July 4, 2025 - Friday",Friday Noon Rush,4-20-79-1-58,,#94
"July 4, 2025 - Friday",VAG Friday,14-46-39-24-10,,#199
"July 3, 2025 - Thursday",FORTUNE THURSDAY,6-53-10-38-63,,#928
"July 3, 2025 - Thursday",5/39 Direct Thursday,35-23-11-30-4,,#203
"July 3, 2025 - Thursday",Thursday Noon Rush,53-4-59-39-2,,#95
"July 3, 2025 - Thursday",VAG Thursday,88-25-14-8-9,,#203
"July 2, 2025 - Wednesday",MID WEEK,82-72-64-14-57,,#1124
"July 2, 2025 - Wednesday",5/39 Direct Wednesday,35-18-20-29-3,,#202
"July 2, 2025 - Wednesday",Wednesday Noon Rush,72-23-62-43-32,,#94
"July 2, 2025 - Wednesday",VAG Wednesday,73-1-54-75-6,,#202
"July 1, 2025 - Tuesday",LUCKY TUESDAY,18-57-16-26-60,,#927
"July 1, 2025 - Tuesday",5/39 Direct Tuesday,35-6-17-15-34,,#200
"July 1, 2025 - Tuesday",Tuesday Noon Rush,63-18-53-59-77,,#95
"July 1, 2025 - Tuesday",VAG Tuesday,42-22-11-12-1,,#788
"June 30, 2025 - Monday",MONDAY SPECIAL,37-52-33-13-53,,#987
"June 30, 2025 - Monday",5/39 Direct Monday,7-18-3-27-33,,#463
"June 30, 2025 - Monday",Monday Noon Rush,27-15-21-67-68,,#93
"June 30, 2025 - Monday",VAG Monday,85-17-83-70-64,,#193
"June 29, 2025 - Sunday",SUNDAY ASEDA,59-25-23-4-50,,#153
"June 28, 2025 - Saturday",NATIONAL,65-10-27-37-86,,#3271
"June 28, 2025 - Saturday",5/39 Direct Saturday,5-4-1-9-20,,#200
"June 28, 2025 - Saturday",Saturday Noon Rush,50-25-55-85-7,,#94
"June 28, 2025 - Saturday",VAG Saturday,35-87-53-49-14,,#200
"June 27, 2025 - Friday",FRIDAY BONANZA,65-23-85-60-76,,#897
"June 27, 2025 - Friday",5/39 Direct Friday,25-13-6-19-31,,#198
"June 27, 2025 - Friday",Friday Noon Rush,65-16-7-59-85,,#93
"June 27, 2025 - Friday",VAG Friday,49-44-65-88-62,,#198
"June 26, 2025 - Thursday",FORTUNE THURSDAY,22-68-53-39-86,,#927
"June 26, 2025 - Thursday",5/39 Direct Thursday,30-38-31-26-10,,#202
"June 26, 2025 - Thursday",Thursday Noon Rush,5-26-41-33-68,,#94
"June 26, 2025 - Thursday",VAG Thursday,16-31-37-58-69,,#202
"June 25, 2025 - Wednesday",MID WEEK,22-84-2-33-56,,#1123
"June 25, 2025 - Wednesday",5/39 Direct Wednesday,27-24-8-18-39,,#201
"June 25, 2025 - Wednesday",Wednesday Noon Rush,52-31-9-41-13,,#93
"June 25, 2025 - Wednesday",VAG Wednesday,18-52-79-90-89,,#201
"June 24, 2025 - Tuesday",LUCKY TUESDAY,53-79-60-3-73,,#926
"June 24, 2025 - Tuesday",5/39 Direct Tuesday,5-19-9-23-17,,#199
"June 24, 2025 - Tuesday",Tuesday Noon Rush,87-46-63-51-76,,#94
"June 24, 2025 - Tuesday",VAG Tuesday,14-44-27-1-33,,#787
"June 23, 2025 - Monday",MONDAY SPECIAL,53-29-22-75-82,,#986
"June 23, 2025 - Monday",5/39 Direct Monday,7-31-39-11-2,,#462
"June 23, 2025 - Monday",Monday Noon Rush,26-32-67-43-79,,#92
"June 23, 2025 - Monday",VAG Monday,8-43-69-37-84,,#192
"June 22, 2025 - Sunday",SUNDAY ASEDA,74-56-67-63-81,,#152
"June 21, 2025 - Saturday",NATIONAL,57-9-41-1-48,,#3270
"June 21, 2025 - Saturday",5/39 Direct Saturday,5-31-33-12-13,,#199
"June 21, 2025 - Saturday",Saturday Noon Rush,69-24-48-79-11,,#93
"June 21, 2025 - Saturday",VAG Saturday,79-38-56-11-10,,#199
"June 20, 2025 - Friday",FRIDAY BONANZA,38-42-69-86-8,,#896
"June 20, 2025 - Friday",5/39 Direct Friday,33-31-18-24-2,,#197
"June 20, 2025 - Friday",Friday Noon Rush,85-19-23-84-18,,#92
"June 20, 2025 - Friday",VAG Friday,26-37-8-59-78,,#197
"June 19, 2025 - Thursday",FORTUNE THURSDAY,28-2-12-53-69,,#926
"June 19, 2025 - Thursday",5/39 Direct Thursday,34-13-11-5-6,,#201
"June 19, 2025 - Thursday",Thursday Noon Rush,64-63-83-88-38,,#93
"June 19, 2025 - Thursday",VAG Thursday,79-65-10-7-69,,#201
"June 18, 2025 - Wednesday",MID WEEK,55-77-76-44-65,,#1122
"June 18, 2025 - Wednesday",5/39 Direct Wednesday,13-32-18-11-15,,#200
"June 18, 2025 - Wednesday",Wednesday Noon Rush,3-86-61-75-51,,#92
"June 18, 2025 - Wednesday",VAG Wednesday,69-38-36-26-47,,#200
"June 17, 2025 - Tuesday",LUCKY TUESDAY,68-21-18-90-11,,#925
"June 17, 2025 - Tuesday",5/39 Direct Tuesday,25-4-18-14-37,,#198
"June 17, 2025 - Tuesday",Tuesday Noon Rush,71-89-10-31-56,,#93
"June 17, 2025 - Tuesday",VAG Tuesday,41-82-31-39-65,,#786
"June 16, 2025 - Monday",MONDAY SPECIAL,55-28-11-6-47,,#985
"June 16, 2025 - Monday",5/39 Direct Monday,10-3-18-29-17,,#461
"June 16, 2025 - Monday",Monday Noon Rush,73-14-17-9-90,,#91
"June 16, 2025 - Monday",VAG Monday,7-62-30-63-48,,#191
"June 15, 2025 - Sunday",SUNDAY ASEDA,85-43-34-65-18,,#151
"June 14, 2025 - Saturday",NATIONAL,61-1-51-69-30,,#3269
"June 14, 2025 - Saturday",5/39 Direct Saturday,14-9-18-10-15,,#198
"June 14, 2025 - Saturday",Saturday Noon Rush,6-90-28-21-38,,#92
"June 14, 2025 - Saturday",VAG Saturday,13-58-17-68-74,,#198
"June 12, 2025 - Thursday",FORTUNE THURSDAY,5-31-48-2-52,,#925
"June 12, 2025 - Thursday",5/39 Direct Thursday,12-10-5-32-26,,#200
"June 12, 2025 - Thursday",Thursday Noon Rush,59-5-17-38-22,,#92
"June 12, 2025 - Thursday",VAG Thursday,65-5-84-12-30,,#200
"June 11, 2025 - Wednesday",MID WEEK,60-89-12-81-41,,#1121
"June 11, 2025 - Wednesday",5/39 Direct Wednesday,6-39-35-33-29,,#199
"June 11, 2025 - Wednesday",Wednesday Noon Rush,64-51-90-3-12,,#91
"June 11, 2025 - Wednesday",VAG Wednesday,77-23-14-28-64,,#199
"June 10, 2025 - Tuesday",LUCKY TUESDAY,10-56-84-68-42,,#924
"June 10, 2025 - Tuesday",5/39 Direct Tuesday,30-38-31-1-28,,#197
"June 10, 2025 - Tuesday",Tuesday Noon Rush,75-22-5-71-39,,#92
"June 10, 2025 - Tuesday",VAG Tuesday,72-24-50-78-26,,#785
"June 8, 2025 - Sunday",SUNDAY ASEDA,84-37-41-86-48,,#150
"June 7, 2025 - Saturday",NATIONAL,60-72-15-38-53,,#3268
"June 7, 2025 - Saturday",5/39 Direct Saturday,27-8-24-16-34,,#197
"June 7, 2025 - Saturday",Saturday Noon Rush,24-81-60-73-32,,#91
"June 7, 2025 - Saturday",VAG Saturday,68-49-82-90-43,,#197
"June 6, 2025 - Friday",FRIDAY BONANZA,52-87-64-18-86,,#895
"June 6, 2025 - Friday",5/39 Direct Friday,6-5-27-8-22,,#196
"June 6, 2025 - Friday",Friday Noon Rush,71-8-40-41-42,,#91
"June 6, 2025 - Friday",VAG Friday,41-49-53-12-78,,#196
"June 5, 2025 - Thursday",FORTUNE THURSDAY,34-2-37-16-82,,#924
"June 5, 2025 - Thursday",5/39 Direct Thursday,28-23-24-11-1,,#199
"June 5, 2025 - Thursday",Thursday Noon Rush,59-18-48-58-17,,#91
"June 5, 2025 - Thursday",VAG Thursday,38-46-82-44-73,,#199
"June 4, 2025 - Wednesday",MID WEEK,38-28-57-50-11,,#1120
"June 4, 2025 - Wednesday",5/39 Direct Wednesday,3-7-31-1-18,,#198
"June 4, 2025 - Wednesday",Wednesday Noon Rush,16-80-43-20-12,,#90
"June 4, 2025 - Wednesday",VAG Wednesday,56-61-39-76-27,,#198
"June 3, 2025 - Tuesday",LUCKY TUESDAY,47-79-5-9-51,,#923
"June 3, 2025 - Tuesday",5/39 Direct Tuesday,36-4-39-8-26,,#196
"June 3, 2025 - Tuesday",Tuesday Noon Rush,18-60-44-4-11,,#91
"June 3, 2025 - Tuesday",VAG Tuesday,11-79-25-20-85,,#784
"June 2, 2025 - Monday",MONDAY SPECIAL,61-60-17-8-75,,#984
"June 2, 2025 - Monday",5/39 Direct Monday,12-17-6-13-27,,#460
"June 2, 2025 - Monday",Monday Noon Rush,77-7-51-48-12,,#90
"June 2, 2025 - Monday",VAG Monday,58-20-57-74-14,,#190
"June 1, 2025 - Sunday",SUNDAY ASEDA,61-18-48-66-76,,#149
"May 31, 2025 - Saturday",NATIONAL,8-20-52-42-43,,#3267
"May 31, 2025 - Saturday",5/39 Direct Saturday,27-31-29-32-24,,#196
"May 31, 2025 - Saturday",Saturday Noon Rush,47-73-80-45-11,,#90
"May 31, 2025 - Saturday",VAG Saturday,3-29-25-38-64,,#196
"May 30, 2025 - Friday",FRIDAY BONANZA,62-27-61-48-68,,#894
"May 30, 2025 - Friday",5/39 Direct Friday,17-27-14-30-34,,#195
"May 30, 2025 - Friday",Friday Noon Rush,58-18-35-87-25,,#90
"May 30, 2025 - Friday",VAG Friday,49-40-26-15-76,,#195
"May 29, 2025 - Thursday",FORTUNE THURSDAY,37-65-85-89-36,,#923
"May 29, 2025 - Thursday",5/39 Direct Thursday,3-15-7-10-32,,#198
"May 29, 2025 - Thursday",Thursday Noon Rush,34-8-57-14-73,,#90
"May 29, 2025 - Thursday",VAG Thursday,79-1-7-64-61,,#198
"May 28, 2025 - Wednesday",MID WEEK,66-74-83-23-44,,#1119
"May 28, 2025 - Wednesday",5/39 Direct Wednesday,5-6-24-16-20,,#197
"May 28, 2025 - Wednesday",Wednesday Noon Rush,77-85-87-6-4,,#89
"May 28, 2025 - Wednesday",VAG Wednesday,16-83-42-22-17,,#197
"May 27, 2025 - Tuesday",LUCKY TUESDAY,28-22-66-26-16,,#922
"May 27, 2025 - Tuesday",5/39 Direct Tuesday,20-1-2-26-6,,#195
"May 27, 2025 - Tuesday",Tuesday Noon Rush,30-11-4-88-68,,#90
"May 27, 2025 - Tuesday",VAG Tuesday,74-63-73-79-25,,#783
"May 26, 2025 - Monday",MONDAY SPECIAL,71-23-1-82-54,,#983
"May 26, 2025 - Monday",5/39 Direct Monday,36-12-29-27-25,,#459
"May 26, 2025 - Monday",Monday Noon Rush,31-74-70-61-32,,#89
"May 26, 2025 - Monday",VAG Monday,43-2-72-31-61,,#189
"May 25, 2025 - Sunday",SUNDAY ASEDA,77-3-45-53-31,,#148
"May 24, 2025 - Saturday",NATIONAL,74-69-14-47-18,,#3266
"May 24, 2025 - Saturday",5/39 Direct Saturday,13-26-28-9-6,,#195
"May 24, 2025 - Saturday",Saturday Noon Rush,67-82-32-55-86,,#89
"May 24, 2025 - Saturday",VAG Saturday,22-87-89-78-2,,#195
"May 23, 2025 - Friday",FRIDAY BONANZA,88-20-89-50-40,,#893
"May 23, 2025 - Friday",5/39 Direct Friday,29-34-31-13-27,,#194
"May 23, 2025 - Friday",Friday Noon Rush,71-54-50-87-73,,#89
"May 23, 2025 - Friday",VAG Friday,41-62-44-52-29,,#194
"May 22, 2025 - Thursday",FORTUNE THURSDAY,34-79-74-51-6,,#922
"May 22, 2025 - Thursday",5/39 Direct Thursday,12-11-19-36-21,,#197
"May 22, 2025 - Thursday",Thursday Noon Rush,16-69-38-73-52,,#89
"May 22, 2025 - Thursday",VAG Thursday,16-41-81-77-76,,#197
"May 21, 2025 - Wednesday",MID WEEK,72-47-35-55-31,,#1118
"May 21, 2025 - Wednesday",5/39 Direct Wednesday,37-2-30-32-36,,#196
"May 21, 2025 - Wednesday",Wednesday Noon Rush,21-48-55-44-74,,#88
"May 21, 2025 - Wednesday",VAG Wednesday,50-41-46-87-15,,#196
"May 20, 2025 - Tuesday",LUCKY TUESDAY,11-36-14-7-64,,#921
"May 20, 2025 - Tuesday",5/39 Direct Tuesday,31-38-7-24-23,,#194
"May 20, 2025 - Tuesday",Tuesday Noon Rush,22-57-90-55-14,,#89
"May 20, 2025 - Tuesday",VAG Tuesday,39-62-17-9-41,,#782
"May 19, 2025 - Monday",MONDAY SPECIAL,63-5-87-75-48,,#982
"May 19, 2025 - Monday",5/39 Direct Monday,15-11-24-16-38,,#458
"May 19, 2025 - Monday",Monday Noon Rush,32-52-5-66-16,,#88
"May 19, 2025 - Monday",VAG Monday,57-53-44-76-35,,#188
"May 18, 2025 - Sunday",SUNDAY ASEDA,18-15-69-1-22,,#147
"May 17, 2025 - Saturday",NATIONAL,2-56-20-23-19,,#3265
"May 17, 2025 - Saturday",5/39 Direct Saturday,20-9-19-16-23,,#194
"May 17, 2025 - Saturday",Saturday Noon Rush,55-65-40-75-84,,#88
"May 17, 2025 - Saturday",VAG Saturday,65-17-44-12-87,,#194
"May 16, 2025 - Friday",FRIDAY BONANZA,6-50-62-52-80,,#892
"May 16, 2025 - Friday",5/39 Direct Friday,38-21-17-37-31,,#193
"May 16, 2025 - Friday",Friday Noon Rush,18-19-10-50-15,,#88
"May 16, 2025 - Friday",VAG Friday,45-40-5-43-27,,#193
"May 15, 2025 - Thursday",FORTUNE THURSDAY,4-15-44-9-56,,#921
"May 15, 2025 - Thursday",5/39 Direct Thursday,32-27-23-1-37,,#196
"May 15, 2025 - Thursday",Thursday Noon Rush,44-66-27-69-75,,#88
"May 15, 2025 - Thursday",VAG Thursday,71-40-53-83-6,,#196
"May 14, 2025 - Wednesday",MID WEEK,41-70-86-81-18,,#1117
"May 14, 2025 - Wednesday",5/39 Direct Wednesday,4-6-33-15-13,,#195
"May 14, 2025 - Wednesday",Wednesday Noon Rush,65-42-49-69-81,,#87
"May 14, 2025 - Wednesday",VAG Wednesday,36-75-12-42-84,,#195
"May 13, 2025 - Tuesday",LUCKY TUESDAY,69-31-49-10-8,,#920
"May 13, 2025 - Tuesday",5/39 Direct Tuesday,28-7-27-35-24,,#193
"May 13, 2025 - Tuesday",Tuesday Noon Rush,88-46-4-12-62,,#88
"May 13, 2025 - Tuesday",VAG Tuesday,11-36-51-13-70,,#781
"May 12, 2025 - Monday",MONDAY SPECIAL,85-84-12-39-81,,#981
"May 12, 2025 - Monday",5/39 Direct Monday,2-37-29-1-3,,#457
"May 12, 2025 - Monday",Monday Noon Rush,25-89-90-10-35,,#87
"May 12, 2025 - Monday",VAG Monday,17-83-46-40-48,,#187
"May 11, 2025 - Sunday",SUNDAY ASEDA,38-3-74-29-37,,#146
"May 10, 2025 - Saturday",NATIONAL,58-53-57-41-46,,#3264
"May 10, 2025 - Saturday",5/39 Direct Saturday,33-18-13-4-27,,#193
"May 10, 2025 - Saturday",Saturday Noon Rush,24-43-17-74-51,,#87
"May 10, 2025 - Saturday",VAG Saturday,43-9-47-59-83,,#193
"May 9, 2025 - Friday",FRIDAY BONANZA,73-45-52-58-41,,#891
"May 9, 2025 - Friday",5/39 Direct Friday,9-26-20-8-10,,#192
"May 9, 2025 - Friday",Friday Noon Rush,73-5-83-19-79,,#87
"May 9, 2025 - Friday",VAG Friday,85-64-78-54-67,,#192
"May 8, 2025 - Thursday",FORTUNE THURSDAY,65-66-49-75-33,,#920
"May 8, 2025 - Thursday",5/39 Direct Thursday,21-8-2-18-28,,#195
"May 8, 2025 - Thursday",Thursday Noon Rush,33-74-14-47-53,,#87
"May 8, 2025 - Thursday",VAG Thursday,60-2-50-65-6,,#195
"May 7, 2025 - Wednesday",MID WEEK,12-32-31-66-90,,#1116
"May 7, 2025 - Wednesday",5/39 Direct Wednesday,20-1-28-13-10,,#194
"May 7, 2025 - Wednesday",Wednesday Noon Rush,66-83-65-69-78,,#86
"May 7, 2025 - Wednesday",VAG Wednesday,46-45-89-31-71,,#194
"May 6, 2025 - Tuesday",LUCKY TUESDAY,74-26-42-8-28,,#919
"May 6, 2025 - Tuesday",5/39 Direct Tuesday,20-6-29-13-24,,#192
"May 6, 2025 - Tuesday",Tuesday Noon Rush,84-23-27-79-11,,#87
"May 6, 2025 - Tuesday",VAG Tuesday,16-21-36-15-3,,#780
"May 5, 2025 - Monday",MONDAY SPECIAL,87-50-74-23-54,,#980
"May 5, 2025 - Monday",5/39 Direct Monday,18-13-28-7-35,,#456
"May 5, 2025 - Monday",Monday Noon Rush,50-39-33-43-6,,#86
"May 5, 2025 - Monday",VAG Monday,76-77-88-74-22,,#186
"May 4, 2025 - Sunday",SUNDAY ASEDA,83-12-15-65-27,,#145
"May 3, 2025 - Saturday",NATIONAL,24-35-49-27-33,,#3263
"May 3, 2025 - Saturday",5/39 Direct Saturday,37-27-31-11-36,,#192
"May 3, 2025 - Saturday",Saturday Noon Rush,37-82-79-49-52,,#86
"May 3, 2025 - Saturday",VAG Saturday,79-70-5-7-44,,#192
"May 2, 2025 - Friday",FRIDAY BONANZA,14-21-88-72-31,,#890
"May 2, 2025 - Friday",5/39 Direct Friday,16-17-3-32-25,,#191
"May 2, 2025 - Friday",Friday Noon Rush,20-47-37-10-16,,#86
"May 2, 2025 - Friday",VAG Friday,12-90-57-60-64,,#191
"May 1, 2025 - Thursday",FORTUNE THURSDAY,50-7-27-21-20,,#919
"May 1, 2025 - Thursday",5/39 Direct Thursday,13-26-14-9-17,,#194
"May 1, 2025 - Thursday",Thursday Noon Rush,73-44-34-66-74,,#86
"May 1, 2025 - Thursday",VAG Thursday,88-14-26-37-6,,#194
"April 30, 2025 - Wednesday",MID WEEK,33-88-57-76-45,,#1115
"April 30, 2025 - Wednesday",5/39 Direct Wednesday,28-36-20-9-30,,#193
"April 30, 2025 - Wednesday",Wednesday Noon Rush,81-84-32-79-30,,#85
"April 30, 2025 - Wednesday",VAG Wednesday,2-15-41-74-49,,#193
"April 29, 2025 - Tuesday",LUCKY TUESDAY,90-34-13-63-4,,#918
"April 29, 2025 - Tuesday",5/39 Direct Tuesday,15-6-34-38-16,,#191
"April 29, 2025 - Tuesday",Tuesday Noon Rush,7-51-20-16-15,,#86
"April 29, 2025 - Tuesday",VAG Tuesday,20-86-49-23-85,,#779
"April 28, 2025 - Monday",MONDAY SPECIAL,17-72-65-55-35,,#979
"April 28, 2025 - Monday",5/39 Direct Monday,35-28-30-13-2,,#455
"April 28, 2025 - Monday",Monday Noon Rush,16-5-85-2-29,,#85
"April 28, 2025 - Monday",VAG Monday,89-46-69-3-37,,#185
"April 27, 2025 - Sunday",SUNDAY ASEDA,82-41-72-71-32,,#144
"April 26, 2025 - Saturday",NATIONAL,50-14-18-57-67,,#3262
"April 26, 2025 - Saturday",5/39 Direct Saturday,4-31-5-11-19,,#191
"April 26, 2025 - Saturday",Saturday Noon Rush,68-5-55-11-33,,#85
"April 26, 2025 - Saturday",VAG Saturday,16-70-42-77-37,,#191
"April 25, 2025 - Friday",FRIDAY BONANZA,55-20-85-39-76,,#889
"April 25, 2025 - Friday",5/39 Direct Friday,8-5-14-25-4,,#190
"April 25, 2025 - Friday",Friday Noon Rush,61-69-12-49-17,,#85
"April 25, 2025 - Friday",VAG Friday,60-25-34-29-89,,#190
"April 24, 2025 - Thursday",FORTUNE THURSDAY,84-36-39-53-69,,#918
"April 24, 2025 - Thursday",5/39 Direct Thursday,24-18-7-25-8,,#193
"April 24, 2025 - Thursday",Thursday Noon Rush,30-61-11-62-20,,#85
"April 24, 2025 - Thursday",VAG Thursday,48-64-27-18-6,,#193
"April 23, 2025 - Wednesday",MID WEEK,23-35-33-13-36,,#1114
"April 23, 2025 - Wednesday",5/39 Direct Wednesday,1-6-37-11-34,,#192
"April 23, 2025 - Wednesday",Wednesday Noon Rush,33-66-74-89-23,,#84
"April 23, 2025 - Wednesday",VAG Wednesday,1-65-25-28-46,,#192
"April 22, 2025 - Tuesday",LUCKY TUESDAY,71-18-76-81-33,,#917
"April 22, 2025 - Tuesday",5/39 Direct Tuesday,29-16-30-34-14,,#190
"April 22, 2025 - Tuesday",Tuesday Noon Rush,30-70-32-62-71,,#85
"April 22, 2025 - Tuesday",VAG Tuesday,54-26-55-25-86,,#778
"April 21, 2025 - Monday",MONDAY SPECIAL,4-18-35-72-32,,#978
"April 21, 2025 - Monday",5/39 Direct Monday,23-30-34-7-3,,#454
"April 21, 2025 - Monday",Monday Noon Rush,80-73-12-72-28,,#84
"April 21, 2025 - Monday",VAG Monday,39-33-29-14-20,,#184
"April 20, 2025 - Sunday",SUNDAY ASEDA,7-63-80-90-41,,#143
"April 19, 2025 - Saturday",NATIONAL,44-27-48-85-90,,#3261
"April 19, 2025 - Saturday",5/39 Direct Saturday,1-25-21-29-18,,#190
"April 19, 2025 - Saturday",Saturday Noon Rush,58-26-45-70-41,,#84
"April 19, 2025 - Saturday",VAG Saturday,9-70-40-15-32,,#190
"April 18, 2025 - Friday",FRIDAY BONANZA,49-76-43-5-20,,#888
"April 18, 2025 - Friday",5/39 Direct Friday,16-19-33-37-34,,#189
"April 18, 2025 - Friday",Friday Noon Rush,48-87-28-45-65,,#84
"April 18, 2025 - Friday",VAG Friday,12-5-68-18-24,,#189
"April 17, 2025 - Thursday",FORTUNE THURSDAY,2-69-16-36-14,,#917
"April 17, 2025 - Thursday",5/39 Direct Thursday,39-29-37-23-20,,#192
"April 17, 2025 - Thursday",Thursday Noon Rush,45-22-75-63-42,,#84
"April 17, 2025 - Thursday",VAG Thursday,3-17-20-4-48,,#192
"April 16, 2025 - Wednesday",MID WEEK,29-71-5-36-57,,#1113
"April 16, 2025 - Wednesday",5/39 Direct Wednesday,2-22-7-28-23,,#191
"April 16, 2025 - Wednesday",Wednesday Noon Rush,75-51-70-85-62,,#83
"April 16, 2025 - Wednesday",VAG Wednesday,51-86-8-88-37,,#191
"April 15, 2025 - Tuesday",LUCKY TUESDAY,15-89-68-75-58,,#916
"April 15, 2025 - Tuesday",5/39 Direct Tuesday,2-26-4-3-5,,#189
"April 15, 2025 - Tuesday",Tuesday Noon Rush,75-90-20-60-38,,#84
"April 15, 2025 - Tuesday",VAG Tuesday,78-57-43-22-42,,#777
"April 14, 2025 - Monday",MONDAY SPECIAL,47-56-83-70-2,,#977
"April 14, 2025 - Monday",5/39 Direct Monday,12-22-38-31-25,,#453
"April 14, 2025 - Monday",Monday Noon Rush,41-8-4-38-53,,#83
"April 14, 2025 - Monday",VAG Monday,9-52-47-34-78,,#183
"April 13, 2025 - Sunday",SUNDAY ASEDA,85-78-25-87-35,,#142
"April 12, 2025 - Saturday",NATIONAL,85-81-49-61-47,,#3260
"April 12, 2025 - Saturday",5/39 Direct Saturday,14-31-10-19-7,,#189
"April 12, 2025 - Saturday",Saturday Noon Rush,87-44-82-90-77,,#83
"April 12, 2025 - Saturday",VAG Saturday,47-17-57-22-77,,#189
"April 11, 2025 - Friday",FRIDAY BONANZA,39-70-76-69-14,,#887
"April 11, 2025 - Friday",5/39 Direct Friday,10-29-6-14-36,,#188
"April 11, 2025 - Friday",Friday Noon Rush,10-17-43-78-66,,#83
"April 11, 2025 - Friday",VAG Friday,15-53-87-30-62,,#188
"April 10, 2025 - Thursday",FORTUNE THURSDAY,64-32-37-61-62,,#916
"April 10, 2025 - Thursday",5/39 Direct Thursday,15-10-12-34-28,,#191
"April 10, 2025 - Thursday",Thursday Noon Rush,79-66-1-12-75,,#83
"April 10, 2025 - Thursday",VAG Thursday,90-59-17-29-24,,#191
"April 9, 2025 - Wednesday",MID WEEK,45-74-89-76-17,,#1112
"April 9, 2025 - Wednesday",5/39 Direct Wednesday,16-4-28-5-32,,#190
"April 9, 2025 - Wednesday",Wednesday Noon Rush,45-7-6-18-37,,#82
"April 9, 2025 - Wednesday",VAG Wednesday,77-55-73-72-17,,#190
"April 8, 2025 - Tuesday",LUCKY TUESDAY,43-45-51-44-19,,#915
"April 8, 2025 - Tuesday",5/39 Direct Tuesday,7-34-23-22-36,,#188
"April 8, 2025 - Tuesday",Tuesday Noon Rush,59-57-39-61-44,,#83
"April 8, 2025 - Tuesday",VAG Tuesday,32-2-59-27-69,,#776
"April 7, 2025 - Monday",MONDAY SPECIAL,49-47-81-6-17,,#976
"April 7, 2025 - Monday",5/39 Direct Monday,36-7-18-20-23,,#452
"April 7, 2025 - Monday",Monday Noon Rush,80-36-6-10-1,,#82
"April 7, 2025 - Monday",VAG Monday,18-34-39-70-52,,#182
"April 6, 2025 - Sunday",SUNDAY ASEDA,34-15-82-89-14,,#141
"April 5, 2025 - Saturday",NATIONAL,16-56-39-44-50,,#3259
"April 5, 2025 - Saturday",5/39 Direct Saturday,38-14-27-15-21,,#188
"April 5, 2025 - Saturday",Saturday Noon Rush,49-41-34-89-6,,#82
"April 5, 2025 - Saturday",VAG Saturday,9-63-61-83-1,,#188
"April 4, 2025 - Friday",FRIDAY BONANZA,54-40-50-85-68,,#886
"April 4, 2025 - Friday",5/39 Direct Friday,13-29-38-35-24,,#187
"April 4, 2025 - Friday",Friday Noon Rush,38-86-63-19-88,,#82
"April 4, 2025 - Friday",VAG Friday,49-28-80-40-39,,#187
"April 3, 2025 - Thursday",FORTUNE THURSDAY,77-32-51-31-29,,#915
"April 3, 2025 - Thursday",5/39 Direct Thursday,25-19-18-11-4,,#190
"April 3, 2025 - Thursday",Thursday Noon Rush,27-32-65-59-49,,#82
"April 3, 2025 - Thursday",VAG Thursday,13-5-79-80-73,,#190
"April 2, 2025 - Wednesday",MID WEEK,69-9-40-22-85,,#1111
"April 2, 2025 - Wednesday",5/39 Direct Wednesday,26-10-9-39-34,,#189
"April 2, 2025 - Wednesday",Wednesday Noon Rush,54-71-40-38-84,,#81
"April 2, 2025 - Wednesday",VAG Wednesday,72-66-36-39-14,,#189
"April 1, 2025 - Tuesday",LUCKY TUESDAY,47-68-90-35-46,,#914
"April 1, 2025 - Tuesday",5/39 Direct Tuesday,29-31-35-17-23,,#187
"April 1, 2025 - Tuesday",Tuesday Noon Rush,24-81-35-54-13,,#82
"April 1, 2025 - Tuesday",VAG Tuesday,4-74-67-60-84,,#775
"March 31, 2025 - Monday",MONDAY SPECIAL,42-3-28-66-36,,#975
"March 31, 2025 - Monday",5/39 Direct Monday,11-25-35-31-19,,#451
"March 31, 2025 - Monday",Monday Noon Rush,76-51-71-30-8,,#81
"March 31, 2025 - Monday",VAG Monday,32-29-39-90-72,,#181
"March 30, 2025 - Sunday",SUNDAY ASEDA,15-73-16-86-77,,#140
"March 29, 2025 - Saturday",NATIONAL,14-37-5-90-65,,#3258
"March 29, 2025 - Saturday",5/39 Direct Saturday,22-18-13-19-29,,#187
"March 29, 2025 - Saturday",Saturday Noon Rush,67-34-7-66-89,,#81
"March 29, 2025 - Saturday",VAG Saturday,21-27-59-87-24,,#187
"March 28, 2025 - Friday",FRIDAY BONANZA,74-29-39-66-65,,#885
"March 28, 2025 - Friday",5/39 Direct Friday,1-27-8-22-37,,#186
"March 28, 2025 - Friday",Friday Noon Rush,20-78-38-21-18,,#81
"March 28, 2025 - Friday",VAG Friday,15-47-1-88-34,,#186
"March 27, 2025 - Thursday",FORTUNE THURSDAY,2-62-53-6-55,,#914
"March 27, 2025 - Thursday",5/39 Direct Thursday,2-13-9-26-32,,#189
"March 27, 2025 - Thursday",Thursday Noon Rush,28-75-79-65-67,,#81
"March 27, 2025 - Thursday",VAG Thursday,17-84-27-75-28,,#189
"March 26, 2025 - Wednesday",MID WEEK,4-82-73-32-89,,#1110
"March 26, 2025 - Wednesday",5/39 Direct Wednesday,17-4-31-20-8,,#188
"March 26, 2025 - Wednesday",Wednesday Noon Rush,82-25-16-27-65,,#80
"March 26, 2025 - Wednesday",VAG Wednesday,81-67-1-25-41,,#188
"March 25, 2025 - Tuesday",LUCKY TUESDAY,21-67-51-86-75,,#913
"March 25, 2025 - Tuesday",5/39 Direct Tuesday,23-34-35-38-10,,#186
"March 25, 2025 - Tuesday",Tuesday Noon Rush,63-39-22-46-31,,#81
"March 25, 2025 - Tuesday",VAG Tuesday,71-67-49-76-54,,#774
"March 24, 2025 - Monday",MONDAY SPECIAL,36-37-21-12-50,,#974
"March 24, 2025 - Monday",5/39 Direct Monday,4-12-6-25-20,,#450
"March 24, 2025 - Monday",Monday Noon Rush,54-74-8-1-22,,#80
"March 24, 2025 - Monday",VAG Monday,63-4-21-41-9,,#180
"March 23, 2025 - Sunday",SUNDAY ASEDA,58-18-3-83-80,,#139
"March 22, 2025 - Saturday",NATIONAL,26-28-23-75-85,,#3257
"March 22, 2025 - Saturday",5/39 Direct Saturday,31-11-12-20-30,,#186
"March 22, 2025 - Saturday",Saturday Noon Rush,64-33-34-9-43,,#80
"March 22, 2025 - Saturday",VAG Saturday,86-61-73-13-53,,#186
"March 21, 2025 - Friday",FRIDAY BONANZA,75-27-23-19-61,,#884
"March 21, 2025 - Friday",5/39 Direct Friday,22-28-10-2-25,,#185
"March 21, 2025 - Friday",Friday Noon Rush,89-63-47-51-10,,#80
"March 21, 2025 - Friday",VAG Friday,71-89-52-57-42,,#185
"March 20, 2025 - Thursday",FORTUNE THURSDAY,35-17-20-57-37,,#913
"March 20, 2025 - Thursday",5/39 Direct Thursday,3-34-19-6-18,,#188
"March 20, 2025 - Thursday",Thursday Noon Rush,17-16-19-6-27,,#80
"March 20, 2025 - Thursday",VAG Thursday,10-17-48-66-86,,#188
"March 19, 2025 - Wednesday",MID WEEK,31-87-80-10-16,,#1109
"March 19, 2025 - Wednesday",5/39 Direct Wednesday,28-30-22-13-10,,#187
"March 19, 2025 - Wednesday",Wednesday Noon Rush,64-84-39-86-60,,#79
"March 19, 2025 - Wednesday",VAG Wednesday,7-79-81-54-47,,#187
"March 18, 2025 - Tuesday",LUCKY TUESDAY,38-34-86-25-23,,#912
"March 18, 2025 - Tuesday",5/39 Direct Tuesday,34-36-39-23-21,,#185
"March 18, 2025 - Tuesday",Tuesday Noon Rush,70-89-85-25-5,,#80
"March 18, 2025 - Tuesday",VAG Tuesday,40-9-41-81-13,,#773
"March 17, 2025 - Monday",MONDAY SPECIAL,43-15-16-68-44,,#973
"March 17, 2025 - Monday",5/39 Direct Monday,36-15-29-12-9,,#449
"March 17, 2025 - Monday",Monday Noon Rush,32-10-88-63-85,,#79
"March 17, 2025 - Monday",VAG Monday,31-86-45-8-29,,#179
"March 16, 2025 - Sunday",SUNDAY ASEDA,31-70-32-77-75,,#138
"March 15, 2025 - Saturday",NATIONAL,9-29-28-7-67,,#3256
"March 15, 2025 - Saturday",5/39 Direct Saturday,34-38-35-29-39,,#185
"March 15, 2025 - Saturday",Saturday Noon Rush,30-3-46-82-40,,#79
"March 15, 2025 - Saturday",VAG Saturday,51-6-53-28-19,,#185
"March 14, 2025 - Friday",FRIDAY BONANZA,61-81-82-27-89,,#883
"March 14, 2025 - Friday",5/39 Direct Friday,15-23-13-4-26,,#184
"March 14, 2025 - Friday",Friday Noon Rush,9-81-82-53-48,,#79
"March 14, 2025 - Friday",VAG Friday,71-89-45-48-23,,#184
"March 13, 2025 - Thursday",FORTUNE THURSDAY,32-78-35-22-89,,#912
"March 13, 2025 - Thursday",5/39 Direct Thursday,32-38-28-11-25,,#187
"March 13, 2025 - Thursday",Thursday Noon Rush,40-30-68-34-49,,#79
"March 13, 2025 - Thursday",VAG Thursday,40-33-80-7-26,,#187
"March 12, 2025 - Wednesday",MID WEEK,10-79-54-11-6,,#1108
"March 12, 2025 - Wednesday",5/39 Direct Wednesday,12-19-17-15-13,,#186
"March 12, 2025 - Wednesday",Wednesday Noon Rush,28-14-24-9-68,,#78
"March 12, 2025 - Wednesday",VAG Wednesday,36-44-75-63-16,,#186
"March 11, 2025 - Tuesday",LUCKY TUESDAY,6-90-26-55-27,,#911
"March 11, 2025 - Tuesday",5/39 Direct Tuesday,27-6-29-3-12,,#184
"March 11, 2025 - Tuesday",Tuesday Noon Rush,73-49-71-67-15,,#79
"March 11, 2025 - Tuesday",VAG Tuesday,14-63-51-53-5,,#772
"March 10, 2025 - Monday",MONDAY SPECIAL,78-67-68-54-40,,#972
"March 10, 2025 - Monday",5/39 Direct Monday,23-29-14-25-30,,#448
"March 10, 2025 - Monday",Monday Noon Rush,42-18-51-56-53,,#78
"March 10, 2025 - Monday",VAG Monday,46-78-76-17-48,,#178
"March 9, 2025 - Sunday",SUNDAY ASEDA,4-44-12-86-19,,#137
"March 8, 2025 - Saturday",NATIONAL,76-25-83-47-63,,#3255
"March 8, 2025 - Saturday",5/39 Direct Saturday,32-10-17-9-14,,#184
"March 8, 2025 - Saturday",Saturday Noon Rush,2-36-52-55-7,,#78
"March 8, 2025 - Saturday",VAG Saturday,18-81-78-7-28,,#184
"March 7, 2025 - Friday",FRIDAY BONANZA,32-70-46-67-63,,#882
"March 7, 2025 - Friday",5/39 Direct Friday,2-14-1-7-6,,#183
"March 7, 2025 - Friday",Friday Noon Rush,75-72-18-76-51,,#78
"March 7, 2025 - Friday",VAG Friday,24-44-82-54-67,,#183
"March 6, 2025 - Thursday",FORTUNE THURSDAY,42-33-51-77-36,,#911
"March 6, 2025 - Thursday",5/39 Direct Thursday,22-29-18-3-36,,#186
"March 6, 2025 - Thursday",Thursday Noon Rush,72-5-71-32-24,,#78
"March 6, 2025 - Thursday",VAG Thursday,29-86-89-39-57,,#186
